date,crop,market,price_per_quintal
2026-01-01,Cotton,Ahmedabad APMC,6631
2026-01-01,Cotton,Vadodara APMC,6414
2026-01-01,Cotton,Surat APMC,6603
2026-01-01,Cotton,Rajkot APMC,6594
2026-01-01,Cotton,Anand APMC,6485
2026-01-01,Wheat,Ahmedabad APMC,2395
2026-01-01,Wheat,Vadodara APMC,2244
2026-01-01,Wheat,Surat APMC,2438
2026-01-01,Wheat,Rajkot APMC,2336
2026-01-01,Wheat,Anand APMC,2314
2026-01-01,Groundnut,Ahmedabad APMC,5871
2026-01-01,Groundnut,Vadodara APMC,5785
2026-01-01,Groundnut,Surat APMC,5964
2026-01-01,Groundnut,Rajkot APMC,5814
2026-01-01,Groundnut,Anand APMC,5763
2026-01-01,Tomato,Ahmedabad APMC,1575
2026-01-01,Tomato,Vadodara APMC,1433
2026-01-01,Tomato,Surat APMC,1634
2026-01-01,Tomato,Rajkot APMC,1552
2026-01-01,Tomato,Anand APMC,1508
2026-01-02,Cotton,Ahmedabad APMC,6563
2026-01-02,Cotton,Vadodara APMC,6481
2026-01-02,Cotton,Surat APMC,6635
2026-01-02,Cotton,Rajkot APMC,6601
2026-01-02,Cotton,Anand APMC,6543
2026-01-02,Wheat,Ahmedabad APMC,2418
2026-01-02,Wheat,Vadodara APMC,2260
2026-01-02,Wheat,Surat APMC,2448
2026-01-02,Wheat,Rajkot APMC,2362
2026-01-02,Wheat,Anand APMC,2321
2026-01-02,Groundnut,Ahmedabad APMC,5903
2026-01-02,Groundnut,Vadodara APMC,5718
2026-01-02,Groundnut,Surat APMC,5938
2026-01-02,Groundnut,Rajkot APMC,5872
2026-01-02,Groundnut,Anand APMC,5811
2026-01-02,Tomato,Ahmedabad APMC,1593
2026-01-02,Tomato,Vadodara APMC,1435
2026-01-02,Tomato,Surat APMC,1639
2026-01-02,Tomato,Rajkot APMC,1574
2026-01-02,Tomato,Anand APMC,1497
2026-01-03,Cotton,Ahmedabad APMC,6583
2026-01-03,Cotton,Vadodara APMC,6431
2026-01-03,Cotton,Surat APMC,6668
2026-01-03,Cotton,Rajkot APMC,6532
2026-01-03,Cotton,Anand APMC,6515
2026-01-03,Wheat,Ahmedabad APMC,2410
2026-01-03,Wheat,Vadodara APMC,2276
2026-01-03,Wheat,Surat APMC,2454
2026-01-03,Wheat,Rajkot APMC,2340
2026-01-03,Wheat,Anand APMC,2317
2026-01-03,Groundnut,Ahmedabad APMC,5944
2026-01-03,Groundnut,Vadodara APMC,5741
2026-01-03,Groundnut,Surat APMC,5974
2026-01-03,Groundnut,Rajkot APMC,5836
2026-01-03,Groundnut,Anand APMC,5846
2026-01-03,Tomato,Ahmedabad APMC,1600
2026-01-03,Tomato,Vadodara APMC,1485
2026-01-03,Tomato,Surat APMC,1672
2026-01-03,Tomato,Rajkot APMC,1571
2026-01-03,Tomato,Anand APMC,1538
2026-01-04,Cotton,Ahmedabad APMC,6626
2026-01-04,Cotton,Vadodara APMC,6503
2026-01-04,Cotton,Surat APMC,6654
2026-01-04,Cotton,Rajkot APMC,6620
2026-01-04,Cotton,Anand APMC,6488
2026-01-04,Wheat,Ahmedabad APMC,2394
2026-01-04,Wheat,Vadodara APMC,2256
2026-01-04,Wheat,Surat APMC,2460
2026-01-04,Wheat,Rajkot APMC,2347
2026-01-04,Wheat,Anand APMC,2306
2026-01-04,Groundnut,Ahmedabad APMC,5896
2026-01-04,Groundnut,Vadodara APMC,5782
2026-01-04,Groundnut,Surat APMC,5969
2026-01-04,Groundnut,Rajkot APMC,5892
2026-01-04,Groundnut,Anand APMC,5830
2026-01-04,Tomato,Ahmedabad APMC,1598
2026-01-04,Tomato,Vadodara APMC,1461
2026-01-04,Tomato,Surat APMC,1660
2026-01-04,Tomato,Rajkot APMC,1551
2026-01-04,Tomato,Anand APMC,1530
2026-01-05,Cotton,Ahmedabad APMC,6624
2026-01-05,Cotton,Vadodara APMC,6529
2026-01-05,Cotton,Surat APMC,6727
2026-01-05,Cotton,Rajkot APMC,6622
2026-01-05,Cotton,Anand APMC,6499
2026-01-05,Wheat,Ahmedabad APMC,2434
2026-01-05,Wheat,Vadodara APMC,2286
2026-01-05,Wheat,Surat APMC,2456
2026-01-05,Wheat,Rajkot APMC,2380
2026-01-05,Wheat,Anand APMC,2311
2026-01-05,Groundnut,Ahmedabad APMC,5912
2026-01-05,Groundnut,Vadodara APMC,5801
2026-01-05,Groundnut,Surat APMC,5990
2026-01-05,Groundnut,Rajkot APMC,5876
2026-01-05,Groundnut,Anand APMC,5863
2026-01-05,Tomato,Ahmedabad APMC,1608
2026-01-05,Tomato,Vadodara APMC,1487
2026-01-05,Tomato,Surat APMC,1664
2026-01-05,Tomato,Rajkot APMC,1597
2026-01-05,Tomato,Anand APMC,1543
2026-01-06,Cotton,Ahmedabad APMC,6699
2026-01-06,Cotton,Vadodara APMC,6457
2026-01-06,Cotton,Surat APMC,6679
2026-01-06,Cotton,Rajkot APMC,6554
2026-01-06,Cotton,Anand APMC,6540
2026-01-06,Wheat,Ahmedabad APMC,2425
2026-01-06,Wheat,Vadodara APMC,2267
2026-01-06,Wheat,Surat APMC,2454
2026-01-06,Wheat,Rajkot APMC,2363
2026-01-06,Wheat,Anand APMC,2336
2026-01-06,Groundnut,Ahmedabad APMC,5940
2026-01-06,Groundnut,Vadodara APMC,5777
2026-01-06,Groundnut,Surat APMC,6013
2026-01-06,Groundnut,Rajkot APMC,5900
2026-01-06,Groundnut,Anand APMC,5858
2026-01-06,Tomato,Ahmedabad APMC,1609
2026-01-06,Tomato,Vadodara APMC,1466
2026-01-06,Tomato,Surat APMC,1658
2026-01-06,Tomato,Rajkot APMC,1565
2026-01-06,Tomato,Anand APMC,1547
2026-01-07,Cotton,Ahmedabad APMC,6681
2026-01-07,Cotton,Vadodara APMC,6528
2026-01-07,Cotton,Surat APMC,6693
2026-01-07,Cotton,Rajkot APMC,6655
2026-01-07,Cotton,Anand APMC,6584
2026-01-07,Wheat,Ahmedabad APMC,2431
2026-01-07,Wheat,Vadodara APMC,2291
2026-01-07,Wheat,Surat APMC,2479
2026-01-07,Wheat,Rajkot APMC,2377
2026-01-07,Wheat,Anand APMC,2318
2026-01-07,Groundnut,Ahmedabad APMC,5925
2026-01-07,Groundnut,Vadodara APMC,5823
2026-01-07,Groundnut,Surat APMC,6021
2026-01-07,Groundnut,Rajkot APMC,5869
2026-01-07,Groundnut,Anand APMC,5814
2026-01-07,Tomato,Ahmedabad APMC,1661
2026-01-07,Tomato,Vadodara APMC,1463
2026-01-07,Tomato,Surat APMC,1665
2026-01-07,Tomato,Rajkot APMC,1596
2026-01-07,Tomato,Anand APMC,1516
2026-01-08,Cotton,Ahmedabad APMC,6707
2026-01-08,Cotton,Vadodara APMC,6524
2026-01-08,Cotton,Surat APMC,6746
2026-01-08,Cotton,Rajkot APMC,6578
2026-01-08,Cotton,Anand APMC,6569
2026-01-08,Wheat,Ahmedabad APMC,2432
2026-01-08,Wheat,Vadodara APMC,2296
2026-01-08,Wheat,Surat APMC,2487
2026-01-08,Wheat,Rajkot APMC,2391
2026-01-08,Wheat,Anand APMC,2324
2026-01-08,Groundnut,Ahmedabad APMC,5986
2026-01-08,Groundnut,Vadodara APMC,5767
2026-01-08,Groundnut,Surat APMC,5980
2026-01-08,Groundnut,Rajkot APMC,5934
2026-01-08,Groundnut,Anand APMC,5850
2026-01-08,Tomato,Ahmedabad APMC,1661
2026-01-08,Tomato,Vadodara APMC,1503
2026-01-08,Tomato,Surat APMC,1683
2026-01-08,Tomato,Rajkot APMC,1569
2026-01-08,Tomato,Anand APMC,1530
2026-01-09,Cotton,Ahmedabad APMC,6685
2026-01-09,Cotton,Vadodara APMC,6500
2026-01-09,Cotton,Surat APMC,6738
2026-01-09,Cotton,Rajkot APMC,6580
2026-01-09,Cotton,Anand APMC,6622
2026-01-09,Wheat,Ahmedabad APMC,2428
2026-01-09,Wheat,Vadodara APMC,2294
2026-01-09,Wheat,Surat APMC,2473
2026-01-09,Wheat,Rajkot APMC,2394
2026-01-09,Wheat,Anand APMC,2318
2026-01-09,Groundnut,Ahmedabad APMC,6004
2026-01-09,Groundnut,Vadodara APMC,5812
2026-01-09,Groundnut,Surat APMC,6038
2026-01-09,Groundnut,Rajkot APMC,5951
2026-01-09,Groundnut,Anand APMC,5849
2026-01-09,Tomato,Ahmedabad APMC,1627
2026-01-09,Tomato,Vadodara APMC,1491
2026-01-09,Tomato,Surat APMC,1716
2026-01-09,Tomato,Rajkot APMC,1578
2026-01-09,Tomato,Anand APMC,1552
2026-01-10,Cotton,Ahmedabad APMC,6739
2026-01-10,Cotton,Vadodara APMC,6557
2026-01-10,Cotton,Surat APMC,6690
2026-01-10,Cotton,Rajkot APMC,6666
2026-01-10,Cotton,Anand APMC,6581
2026-01-10,Wheat,Ahmedabad APMC,2447
2026-01-10,Wheat,Vadodara APMC,2267
2026-01-10,Wheat,Surat APMC,2473
2026-01-10,Wheat,Rajkot APMC,2389
2026-01-10,Wheat,Anand APMC,2335
2026-01-10,Groundnut,Ahmedabad APMC,5962
2026-01-10,Groundnut,Vadodara APMC,5789
2026-01-10,Groundnut,Surat APMC,6012
2026-01-10,Groundnut,Rajkot APMC,5954
2026-01-10,Groundnut,Anand APMC,5842
2026-01-10,Tomato,Ahmedabad APMC,1629
2026-01-10,Tomato,Vadodara APMC,1520
2026-01-10,Tomato,Surat APMC,1705
2026-01-10,Tomato,Rajkot APMC,1626
2026-01-10,Tomato,Anand APMC,1528
2026-01-11,Cotton,Ahmedabad APMC,6747
2026-01-11,Cotton,Vadodara APMC,6568
2026-01-11,Cotton,Surat APMC,6798
2026-01-11,Cotton,Rajkot APMC,6616
2026-01-11,Cotton,Anand APMC,6566
2026-01-11,Wheat,Ahmedabad APMC,2450
2026-01-11,Wheat,Vadodara APMC,2305
2026-01-11,Wheat,Surat APMC,2480
2026-01-11,Wheat,Rajkot APMC,2386
2026-01-11,Wheat,Anand APMC,2353
2026-01-11,Groundnut,Ahmedabad APMC,6017
2026-01-11,Groundnut,Vadodara APMC,5844
2026-01-11,Groundnut,Surat APMC,6017
2026-01-11,Groundnut,Rajkot APMC,5959
2026-01-11,Groundnut,Anand APMC,5865
2026-01-11,Tomato,Ahmedabad APMC,1675
2026-01-11,Tomato,Vadodara APMC,1499
2026-01-11,Tomato,Surat APMC,1705
2026-01-11,Tomato,Rajkot APMC,1622
2026-01-11,Tomato,Anand APMC,1571
2026-01-12,Cotton,Ahmedabad APMC,6707
2026-01-12,Cotton,Vadodara APMC,6566
2026-01-12,Cotton,Surat APMC,6776
2026-01-12,Cotton,Rajkot APMC,6667
2026-01-12,Cotton,Anand APMC,6575
2026-01-12,Wheat,Ahmedabad APMC,2439
2026-01-12,Wheat,Vadodara APMC,2288
2026-01-12,Wheat,Surat APMC,2478
2026-01-12,Wheat,Rajkot APMC,2395
2026-01-12,Wheat,Anand APMC,2325
2026-01-12,Groundnut,Ahmedabad APMC,6023
2026-01-12,Groundnut,Vadodara APMC,5868
2026-01-12,Groundnut,Surat APMC,6027
2026-01-12,Groundnut,Rajkot APMC,5973
2026-01-12,Groundnut,Anand APMC,5876
2026-01-12,Tomato,Ahmedabad APMC,1636
2026-01-12,Tomato,Vadodara APMC,1490
2026-01-12,Tomato,Surat APMC,1731
2026-01-12,Tomato,Rajkot APMC,1626
2026-01-12,Tomato,Anand APMC,1539
2026-01-13,Cotton,Ahmedabad APMC,6699
2026-01-13,Cotton,Vadodara APMC,6528
2026-01-13,Cotton,Surat APMC,6724
2026-01-13,Cotton,Rajkot APMC,6662
2026-01-13,Cotton,Anand APMC,6579
2026-01-13,Wheat,Ahmedabad APMC,2460
2026-01-13,Wheat,Vadodara APMC,2293
2026-01-13,Wheat,Surat APMC,2495
2026-01-13,Wheat,Rajkot APMC,2409
2026-01-13,Wheat,Anand APMC,2341
2026-01-13,Groundnut,Ahmedabad APMC,6025
2026-01-13,Groundnut,Vadodara APMC,5822
2026-01-13,Groundnut,Surat APMC,6079
2026-01-13,Groundnut,Rajkot APMC,5979
2026-01-13,Groundnut,Anand APMC,5916
2026-01-13,Tomato,Ahmedabad APMC,1657
2026-01-13,Tomato,Vadodara APMC,1542
2026-01-13,Tomato,Surat APMC,1722
2026-01-13,Tomato,Rajkot APMC,1643
2026-01-13,Tomato,Anand APMC,1568
2026-01-14,Cotton,Ahmedabad APMC,6704
2026-01-14,Cotton,Vadodara APMC,6542
2026-01-14,Cotton,Surat APMC,6742
2026-01-14,Cotton,Rajkot APMC,6714
2026-01-14,Cotton,Anand APMC,6635
2026-01-14,Wheat,Ahmedabad APMC,2454
2026-01-14,Wheat,Vadodara APMC,2309
2026-01-14,Wheat,Surat APMC,2508
2026-01-14,Wheat,Rajkot APMC,2411
2026-01-14,Wheat,Anand APMC,2335
2026-01-14,Groundnut,Ahmedabad APMC,5976
2026-01-14,Groundnut,Vadodara APMC,5821
2026-01-14,Groundnut,Surat APMC,6065
2026-01-14,Groundnut,Rajkot APMC,5957
2026-01-14,Groundnut,Anand APMC,5877
2026-01-14,Tomato,Ahmedabad APMC,1663
2026-01-14,Tomato,Vadodara APMC,1510
2026-01-14,Tomato,Surat APMC,1710
2026-01-14,Tomato,Rajkot APMC,1632
2026-01-14,Tomato,Anand APMC,1576
2026-01-15,Cotton,Ahmedabad APMC,6707
2026-01-15,Cotton,Vadodara APMC,6594
2026-01-15,Cotton,Surat APMC,6763
2026-01-15,Cotton,Rajkot APMC,6675
2026-01-15,Cotton,Anand APMC,6649
2026-01-15,Wheat,Ahmedabad APMC,2451
2026-01-15,Wheat,Vadodara APMC,2290
2026-01-15,Wheat,Surat APMC,2514
2026-01-15,Wheat,Rajkot APMC,2421
2026-01-15,Wheat,Anand APMC,2342
2026-01-15,Groundnut,Ahmedabad APMC,5978
2026-01-15,Groundnut,Vadodara APMC,5891
2026-01-15,Groundnut,Surat APMC,6023
2026-01-15,Groundnut,Rajkot APMC,5933
2026-01-15,Groundnut,Anand APMC,5902
2026-01-15,Tomato,Ahmedabad APMC,1664
2026-01-15,Tomato,Vadodara APMC,1530
2026-01-15,Tomato,Surat APMC,1735
2026-01-15,Tomato,Rajkot APMC,1634
2026-01-15,Tomato,Anand APMC,1567
2026-01-16,Cotton,Ahmedabad APMC,6751
2026-01-16,Cotton,Vadodara APMC,6557
2026-01-16,Cotton,Surat APMC,6771
2026-01-16,Cotton,Rajkot APMC,6698
2026-01-16,Cotton,Anand APMC,6600
2026-01-16,Wheat,Ahmedabad APMC,2464
2026-01-16,Wheat,Vadodara APMC,2306
2026-01-16,Wheat,Surat APMC,2519
2026-01-16,Wheat,Rajkot APMC,2408
2026-01-16,Wheat,Anand APMC,2367
2026-01-16,Groundnut,Ahmedabad APMC,6051
2026-01-16,Groundnut,Vadodara APMC,5892
2026-01-16,Groundnut,Surat APMC,6049
2026-01-16,Groundnut,Rajkot APMC,5954
2026-01-16,Groundnut,Anand APMC,5917
2026-01-16,Tomato,Ahmedabad APMC,1673
2026-01-16,Tomato,Vadodara APMC,1513
2026-01-16,Tomato,Surat APMC,1747
2026-01-16,Tomato,Rajkot APMC,1657
2026-01-16,Tomato,Anand APMC,1594
2026-01-17,Cotton,Ahmedabad APMC,6717
2026-01-17,Cotton,Vadodara APMC,6655
2026-01-17,Cotton,Surat APMC,6800
2026-01-17,Cotton,Rajkot APMC,6667
2026-01-17,Cotton,Anand APMC,6616
2026-01-17,Wheat,Ahmedabad APMC,2481
2026-01-17,Wheat,Vadodara APMC,2324
2026-01-17,Wheat,Surat APMC,2526
2026-01-17,Wheat,Rajkot APMC,2427
2026-01-17,Wheat,Anand APMC,2354
2026-01-17,Groundnut,Ahmedabad APMC,5995
2026-01-17,Groundnut,Vadodara APMC,5903
2026-01-17,Groundnut,Surat APMC,6048
2026-01-17,Groundnut,Rajkot APMC,5961
2026-01-17,Groundnut,Anand APMC,5896
2026-01-17,Tomato,Ahmedabad APMC,1704
2026-01-17,Tomato,Vadodara APMC,1520
2026-01-17,Tomato,Surat APMC,1759
2026-01-17,Tomato,Rajkot APMC,1671
2026-01-17,Tomato,Anand APMC,1581
2026-01-18,Cotton,Ahmedabad APMC,6771
2026-01-18,Cotton,Vadodara APMC,6585
2026-01-18,Cotton,Surat APMC,6842
2026-01-18,Cotton,Rajkot APMC,6701
2026-01-18,Cotton,Anand APMC,6694
2026-01-18,Wheat,Ahmedabad APMC,2486
2026-01-18,Wheat,Vadodara APMC,2300
2026-01-18,Wheat,Surat APMC,2537
2026-01-18,Wheat,Rajkot APMC,2403
2026-01-18,Wheat,Anand APMC,2374
2026-01-18,Groundnut,Ahmedabad APMC,6070
2026-01-18,Groundnut,Vadodara APMC,5918
2026-01-18,Groundnut,Surat APMC,6112
2026-01-18,Groundnut,Rajkot APMC,5986
2026-01-18,Groundnut,Anand APMC,5929
2026-01-18,Tomato,Ahmedabad APMC,1685
2026-01-18,Tomato,Vadodara APMC,1564
2026-01-18,Tomato,Surat APMC,1767
2026-01-18,Tomato,Rajkot APMC,1642
2026-01-18,Tomato,Anand APMC,1587
2026-01-19,Cotton,Ahmedabad APMC,6763
2026-01-19,Cotton,Vadodara APMC,6630
2026-01-19,Cotton,Surat APMC,6796
2026-01-19,Cotton,Rajkot APMC,6765
2026-01-19,Cotton,Anand APMC,6712
2026-01-19,Wheat,Ahmedabad APMC,2471
2026-01-19,Wheat,Vadodara APMC,2331
2026-01-19,Wheat,Surat APMC,2522
2026-01-19,Wheat,Rajkot APMC,2406
2026-01-19,Wheat,Anand APMC,2352
2026-01-19,Groundnut,Ahmedabad APMC,6062
2026-01-19,Groundnut,Vadodara APMC,5933
2026-01-19,Groundnut,Surat APMC,6126
2026-01-19,Groundnut,Rajkot APMC,5966
2026-01-19,Groundnut,Anand APMC,5913
2026-01-19,Tomato,Ahmedabad APMC,1712
2026-01-19,Tomato,Vadodara APMC,1541
2026-01-19,Tomato,Surat APMC,1760
2026-01-19,Tomato,Rajkot APMC,1644
2026-01-19,Tomato,Anand APMC,1586
2026-01-20,Cotton,Ahmedabad APMC,6784
2026-01-20,Cotton,Vadodara APMC,6598
2026-01-20,Cotton,Surat APMC,6821
2026-01-20,Cotton,Rajkot APMC,6737
2026-01-20,Cotton,Anand APMC,6676
2026-01-20,Wheat,Ahmedabad APMC,2466
2026-01-20,Wheat,Vadodara APMC,2334
2026-01-20,Wheat,Surat APMC,2540
2026-01-20,Wheat,Rajkot APMC,2425
2026-01-20,Wheat,Anand APMC,2395
2026-01-20,Groundnut,Ahmedabad APMC,6079
2026-01-20,Groundnut,Vadodara APMC,5863
2026-01-20,Groundnut,Surat APMC,6132
2026-01-20,Groundnut,Rajkot APMC,6000
2026-01-20,Groundnut,Anand APMC,5925
2026-01-20,Tomato,Ahmedabad APMC,1744
2026-01-20,Tomato,Vadodara APMC,1590
2026-01-20,Tomato,Surat APMC,1742
2026-01-20,Tomato,Rajkot APMC,1650
2026-01-20,Tomato,Anand APMC,1591
2026-01-21,Cotton,Ahmedabad APMC,6763
2026-01-21,Cotton,Vadodara APMC,6695
2026-01-21,Cotton,Surat APMC,6870
2026-01-21,Cotton,Rajkot APMC,6719
2026-01-21,Cotton,Anand APMC,6684
2026-01-21,Wheat,Ahmedabad APMC,2478
2026-01-21,Wheat,Vadodara APMC,2348
2026-01-21,Wheat,Surat APMC,2523
2026-01-21,Wheat,Rajkot APMC,2431
2026-01-21,Wheat,Anand APMC,2373
2026-01-21,Groundnut,Ahmedabad APMC,6053
2026-01-21,Groundnut,Vadodara APMC,5934
2026-01-21,Groundnut,Surat APMC,6132
2026-01-21,Groundnut,Rajkot APMC,6002
2026-01-21,Groundnut,Anand APMC,5926
2026-01-21,Tomato,Ahmedabad APMC,1695
2026-01-21,Tomato,Vadodara APMC,1580
2026-01-21,Tomato,Surat APMC,1767
2026-01-21,Tomato,Rajkot APMC,1693
2026-01-21,Tomato,Anand APMC,1607
2026-01-22,Cotton,Ahmedabad APMC,6765
2026-01-22,Cotton,Vadodara APMC,6610
2026-01-22,Cotton,Surat APMC,6852
2026-01-22,Cotton,Rajkot APMC,6808
2026-01-22,Cotton,Anand APMC,6676
2026-01-22,Wheat,Ahmedabad APMC,2504
2026-01-22,Wheat,Vadodara APMC,2330
2026-01-22,Wheat,Surat APMC,2524
2026-01-22,Wheat,Rajkot APMC,2442
2026-01-22,Wheat,Anand APMC,2399
2026-01-22,Groundnut,Ahmedabad APMC,6082
2026-01-22,Groundnut,Vadodara APMC,5949
2026-01-22,Groundnut,Surat APMC,6079
2026-01-22,Groundnut,Rajkot APMC,5992
2026-01-22,Groundnut,Anand APMC,5937
2026-01-22,Tomato,Ahmedabad APMC,1756
2026-01-22,Tomato,Vadodara APMC,1602
2026-01-22,Tomato,Surat APMC,1790
2026-01-22,Tomato,Rajkot APMC,1703
2026-01-22,Tomato,Anand APMC,1605
2026-01-23,Cotton,Ahmedabad APMC,6839
2026-01-23,Cotton,Vadodara APMC,6624
2026-01-23,Cotton,Surat APMC,6867
2026-01-23,Cotton,Rajkot APMC,6794
2026-01-23,Cotton,Anand APMC,6740
2026-01-23,Wheat,Ahmedabad APMC,2477
2026-01-23,Wheat,Vadodara APMC,2345
2026-01-23,Wheat,Surat APMC,2526
2026-01-23,Wheat,Rajkot APMC,2420
2026-01-23,Wheat,Anand APMC,2387
2026-01-23,Groundnut,Ahmedabad APMC,6082
2026-01-23,Groundnut,Vadodara APMC,5891
2026-01-23,Groundnut,Surat APMC,6131
2026-01-23,Groundnut,Rajkot APMC,6012
2026-01-23,Groundnut,Anand APMC,5967
2026-01-23,Tomato,Ahmedabad APMC,1744
2026-01-23,Tomato,Vadodara APMC,1558
2026-01-23,Tomato,Surat APMC,1774
2026-01-23,Tomato,Rajkot APMC,1701
2026-01-23,Tomato,Anand APMC,1637
2026-01-24,Cotton,Ahmedabad APMC,6832
2026-01-24,Cotton,Vadodara APMC,6709
2026-01-24,Cotton,Surat APMC,6925
2026-01-24,Cotton,Rajkot APMC,6749
2026-01-24,Cotton,Anand APMC,6710
2026-01-24,Wheat,Ahmedabad APMC,2482
2026-01-24,Wheat,Vadodara APMC,2333
2026-01-24,Wheat,Surat APMC,2548
2026-01-24,Wheat,Rajkot APMC,2423
2026-01-24,Wheat,Anand APMC,2383
2026-01-24,Groundnut,Ahmedabad APMC,6086
2026-01-24,Groundnut,Vadodara APMC,5946
2026-01-24,Groundnut,Surat APMC,6125
2026-01-24,Groundnut,Rajkot APMC,6028
2026-01-24,Groundnut,Anand APMC,5964
2026-01-24,Tomato,Ahmedabad APMC,1758
2026-01-24,Tomato,Vadodara APMC,1602
2026-01-24,Tomato,Surat APMC,1764
2026-01-24,Tomato,Rajkot APMC,1682
2026-01-24,Tomato,Anand APMC,1663
2026-01-25,Cotton,Ahmedabad APMC,6794
2026-01-25,Cotton,Vadodara APMC,6700
2026-01-25,Cotton,Surat APMC,6868
2026-01-25,Cotton,Rajkot APMC,6765
2026-01-25,Cotton,Anand APMC,6748
2026-01-25,Wheat,Ahmedabad APMC,2498
2026-01-25,Wheat,Vadodara APMC,2345
2026-01-25,Wheat,Surat APMC,2540
2026-01-25,Wheat,Rajkot APMC,2440
2026-01-25,Wheat,Anand APMC,2377
2026-01-25,Groundnut,Ahmedabad APMC,6076
2026-01-25,Groundnut,Vadodara APMC,5953
2026-01-25,Groundnut,Surat APMC,6144
2026-01-25,Groundnut,Rajkot APMC,6037
2026-01-25,Groundnut,Anand APMC,5960
2026-01-25,Tomato,Ahmedabad APMC,1763
2026-01-25,Tomato,Vadodara APMC,1581
2026-01-25,Tomato,Surat APMC,1786
2026-01-25,Tomato,Rajkot APMC,1705
2026-01-25,Tomato,Anand APMC,1646
2026-01-26,Cotton,Ahmedabad APMC,6851
2026-01-26,Cotton,Vadodara APMC,6736
2026-01-26,Cotton,Surat APMC,6918
2026-01-26,Cotton,Rajkot APMC,6792
2026-01-26,Cotton,Anand APMC,6703
2026-01-26,Wheat,Ahmedabad APMC,2487
2026-01-26,Wheat,Vadodara APMC,2346
2026-01-26,Wheat,Surat APMC,2541
2026-01-26,Wheat,Rajkot APMC,2467
2026-01-26,Wheat,Anand APMC,2396
2026-01-26,Groundnut,Ahmedabad APMC,6064
2026-01-26,Groundnut,Vadodara APMC,5923
2026-01-26,Groundnut,Surat APMC,6186
2026-01-26,Groundnut,Rajkot APMC,6065
2026-01-26,Groundnut,Anand APMC,6004
2026-01-26,Tomato,Ahmedabad APMC,1766
2026-01-26,Tomato,Vadodara APMC,1620
2026-01-26,Tomato,Surat APMC,1790
2026-01-26,Tomato,Rajkot APMC,1697
2026-01-26,Tomato,Anand APMC,1658
2026-01-27,Cotton,Ahmedabad APMC,6875
2026-01-27,Cotton,Vadodara APMC,6674
2026-01-27,Cotton,Surat APMC,6909
2026-01-27,Cotton,Rajkot APMC,6833
2026-01-27,Cotton,Anand APMC,6734
2026-01-27,Wheat,Ahmedabad APMC,2500
2026-01-27,Wheat,Vadodara APMC,2336
2026-01-27,Wheat,Surat APMC,2561
2026-01-27,Wheat,Rajkot APMC,2434
2026-01-27,Wheat,Anand APMC,2417
2026-01-27,Groundnut,Ahmedabad APMC,6136
2026-01-27,Groundnut,Vadodara APMC,5943
2026-01-27,Groundnut,Surat APMC,6164
2026-01-27,Groundnut,Rajkot APMC,6073
2026-01-27,Groundnut,Anand APMC,5976
2026-01-27,Tomato,Ahmedabad APMC,1786
2026-01-27,Tomato,Vadodara APMC,1618
2026-01-27,Tomato,Surat APMC,1834
2026-01-27,Tomato,Rajkot APMC,1697
2026-01-27,Tomato,Anand APMC,1665
2026-01-28,Cotton,Ahmedabad APMC,6860
2026-01-28,Cotton,Vadodara APMC,6754
2026-01-28,Cotton,Surat APMC,6885
2026-01-28,Cotton,Rajkot APMC,6862
2026-01-28,Cotton,Anand APMC,6758
2026-01-28,Wheat,Ahmedabad APMC,2520
2026-01-28,Wheat,Vadodara APMC,2357
2026-01-28,Wheat,Surat APMC,2564
2026-01-28,Wheat,Rajkot APMC,2458
2026-01-28,Wheat,Anand APMC,2413
2026-01-28,Groundnut,Ahmedabad APMC,6113
2026-01-28,Groundnut,Vadodara APMC,5996
2026-01-28,Groundnut,Surat APMC,6142
2026-01-28,Groundnut,Rajkot APMC,6050
2026-01-28,Groundnut,Anand APMC,6029
2026-01-28,Tomato,Ahmedabad APMC,1774
2026-01-28,Tomato,Vadodara APMC,1642
2026-01-28,Tomato,Surat APMC,1806
2026-01-28,Tomato,Rajkot APMC,1725
2026-01-28,Tomato,Anand APMC,1679
2026-01-29,Cotton,Ahmedabad APMC,6852
2026-01-29,Cotton,Vadodara APMC,6758
2026-01-29,Cotton,Surat APMC,6952
2026-01-29,Cotton,Rajkot APMC,6818
2026-01-29,Cotton,Anand APMC,6781
2026-01-29,Wheat,Ahmedabad APMC,2527
2026-01-29,Wheat,Vadodara APMC,2342
2026-01-29,Wheat,Surat APMC,2561
2026-01-29,Wheat,Rajkot APMC,2460
2026-01-29,Wheat,Anand APMC,2405
2026-01-29,Groundnut,Ahmedabad APMC,6139
2026-01-29,Groundnut,Vadodara APMC,6008
2026-01-29,Groundnut,Surat APMC,6211
2026-01-29,Groundnut,Rajkot APMC,6075
2026-01-29,Groundnut,Anand APMC,6043
2026-01-29,Tomato,Ahmedabad APMC,1766
2026-01-29,Tomato,Vadodara APMC,1616
2026-01-29,Tomato,Surat APMC,1831
2026-01-29,Tomato,Rajkot APMC,1701
2026-01-29,Tomato,Anand APMC,1670
2026-01-30,Cotton,Ahmedabad APMC,6900
2026-01-30,Cotton,Vadodara APMC,6784
2026-01-30,Cotton,Surat APMC,6911
2026-01-30,Cotton,Rajkot APMC,6874
2026-01-30,Cotton,Anand APMC,6750
2026-01-30,Wheat,Ahmedabad APMC,2514
2026-01-30,Wheat,Vadodara APMC,2378
2026-01-30,Wheat,Surat APMC,2586
2026-01-30,Wheat,Rajkot APMC,2485
2026-01-30,Wheat,Anand APMC,2417
2026-01-30,Groundnut,Ahmedabad APMC,6103
2026-01-30,Groundnut,Vadodara APMC,5972
2026-01-30,Groundnut,Surat APMC,6181
2026-01-30,Groundnut,Rajkot APMC,6070
2026-01-30,Groundnut,Anand APMC,6017
2026-01-30,Tomato,Ahmedabad APMC,1753
2026-01-30,Tomato,Vadodara APMC,1595
2026-01-30,Tomato,Surat APMC,1796
2026-01-30,Tomato,Rajkot APMC,1709
2026-01-30,Tomato,Anand APMC,1674
2026-01-31,Cotton,Ahmedabad APMC,6928
2026-01-31,Cotton,Vadodara APMC,6798
2026-01-31,Cotton,Surat APMC,6909
2026-01-31,Cotton,Rajkot APMC,6858
2026-01-31,Cotton,Anand APMC,6803
2026-01-31,Wheat,Ahmedabad APMC,2540
2026-01-31,Wheat,Vadodara APMC,2386
2026-01-31,Wheat,Surat APMC,2562
2026-01-31,Wheat,Rajkot APMC,2474
2026-01-31,Wheat,Anand APMC,2431
2026-01-31,Groundnut,Ahmedabad APMC,6151
2026-01-31,Groundnut,Vadodara APMC,5981
2026-01-31,Groundnut,Surat APMC,6168
2026-01-31,Groundnut,Rajkot APMC,6050
2026-01-31,Groundnut,Anand APMC,6013
2026-01-31,Tomato,Ahmedabad APMC,1799
2026-01-31,Tomato,Vadodara APMC,1627
2026-01-31,Tomato,Surat APMC,1814
2026-01-31,Tomato,Rajkot APMC,1711
2026-01-31,Tomato,Anand APMC,1701
2026-02-01,Cotton,Ahmedabad APMC,6949
2026-02-01,Cotton,Vadodara APMC,6776
2026-02-01,Cotton,Surat APMC,6969
2026-02-01,Cotton,Rajkot APMC,6816
2026-02-01,Cotton,Anand APMC,6831
2026-02-01,Wheat,Ahmedabad APMC,2519
2026-02-01,Wheat,Vadodara APMC,2361
2026-02-01,Wheat,Surat APMC,2583
2026-02-01,Wheat,Rajkot APMC,2462
2026-02-01,Wheat,Anand APMC,2433
2026-02-01,Groundnut,Ahmedabad APMC,6175
2026-02-01,Groundnut,Vadodara APMC,6029
2026-02-01,Groundnut,Surat APMC,6234
2026-02-01,Groundnut,Rajkot APMC,6098
2026-02-01,Groundnut,Anand APMC,6064
2026-02-01,Tomato,Ahmedabad APMC,1795
2026-02-01,Tomato,Vadodara APMC,1658
2026-02-01,Tomato,Surat APMC,1852
2026-02-01,Tomato,Rajkot APMC,1763
2026-02-01,Tomato,Anand APMC,1688
2026-02-02,Cotton,Ahmedabad APMC,6924
2026-02-02,Cotton,Vadodara APMC,6790
2026-02-02,Cotton,Surat APMC,6977
2026-02-02,Cotton,Rajkot APMC,6840
2026-02-02,Cotton,Anand APMC,6865
2026-02-02,Wheat,Ahmedabad APMC,2538
2026-02-02,Wheat,Vadodara APMC,2386
2026-02-02,Wheat,Surat APMC,2574
2026-02-02,Wheat,Rajkot APMC,2473
2026-02-02,Wheat,Anand APMC,2448
2026-02-02,Groundnut,Ahmedabad APMC,6151
2026-02-02,Groundnut,Vadodara APMC,6032
2026-02-02,Groundnut,Surat APMC,6228
2026-02-02,Groundnut,Rajkot APMC,6146
2026-02-02,Groundnut,Anand APMC,6046
2026-02-02,Tomato,Ahmedabad APMC,1779
2026-02-02,Tomato,Vadodara APMC,1640
2026-02-02,Tomato,Surat APMC,1816
2026-02-02,Tomato,Rajkot APMC,1757
2026-02-02,Tomato,Anand APMC,1680
2026-02-03,Cotton,Ahmedabad APMC,6910
2026-02-03,Cotton,Vadodara APMC,6764
2026-02-03,Cotton,Surat APMC,6972
2026-02-03,Cotton,Rajkot APMC,6870
2026-02-03,Cotton,Anand APMC,6849
2026-02-03,Wheat,Ahmedabad APMC,2517
2026-02-03,Wheat,Vadodara APMC,2370
2026-02-03,Wheat,Surat APMC,2571
2026-02-03,Wheat,Rajkot APMC,2476
2026-02-03,Wheat,Anand APMC,2436
2026-02-03,Groundnut,Ahmedabad APMC,6143
2026-02-03,Groundnut,Vadodara APMC,6001
2026-02-03,Groundnut,Surat APMC,6182
2026-02-03,Groundnut,Rajkot APMC,6127
2026-02-03,Groundnut,Anand APMC,6076
2026-02-03,Tomato,Ahmedabad APMC,1789
2026-02-03,Tomato,Vadodara APMC,1652
2026-02-03,Tomato,Surat APMC,1847
2026-02-03,Tomato,Rajkot APMC,1744
2026-02-03,Tomato,Anand APMC,1671
2026-02-04,Cotton,Ahmedabad APMC,6916
2026-02-04,Cotton,Vadodara APMC,6793
2026-02-04,Cotton,Surat APMC,6989
2026-02-04,Cotton,Rajkot APMC,6938
2026-02-04,Cotton,Anand APMC,6864
2026-02-04,Wheat,Ahmedabad APMC,2517
2026-02-04,Wheat,Vadodara APMC,2402
2026-02-04,Wheat,Surat APMC,2590
2026-02-04,Wheat,Rajkot APMC,2496
2026-02-04,Wheat,Anand APMC,2416
2026-02-04,Groundnut,Ahmedabad APMC,6177
2026-02-04,Groundnut,Vadodara APMC,6020
2026-02-04,Groundnut,Surat APMC,6231
2026-02-04,Groundnut,Rajkot APMC,6135
2026-02-04,Groundnut,Anand APMC,6100
2026-02-04,Tomato,Ahmedabad APMC,1821
2026-02-04,Tomato,Vadodara APMC,1671
2026-02-04,Tomato,Surat APMC,1858
2026-02-04,Tomato,Rajkot APMC,1775
2026-02-04,Tomato,Anand APMC,1712
2026-02-05,Cotton,Ahmedabad APMC,6928
2026-02-05,Cotton,Vadodara APMC,6812
2026-02-05,Cotton,Surat APMC,6978
2026-02-05,Cotton,Rajkot APMC,6884
2026-02-05,Cotton,Anand APMC,6855
2026-02-05,Wheat,Ahmedabad APMC,2551
2026-02-05,Wheat,Vadodara APMC,2371
2026-02-05,Wheat,Surat APMC,2594
2026-02-05,Wheat,Rajkot APMC,2491
2026-02-05,Wheat,Anand APMC,2445
2026-02-05,Groundnut,Ahmedabad APMC,6161
2026-02-05,Groundnut,Vadodara APMC,6049
2026-02-05,Groundnut,Surat APMC,6206
2026-02-05,Groundnut,Rajkot APMC,6169
2026-02-05,Groundnut,Anand APMC,6108
2026-02-05,Tomato,Ahmedabad APMC,1781
2026-02-05,Tomato,Vadodara APMC,1688
2026-02-05,Tomato,Surat APMC,1855
2026-02-05,Tomato,Rajkot APMC,1767
2026-02-05,Tomato,Anand APMC,1716
2026-02-06,Cotton,Ahmedabad APMC,6994
2026-02-06,Cotton,Vadodara APMC,6763
2026-02-06,Cotton,Surat APMC,6970
2026-02-06,Cotton,Rajkot APMC,6942
2026-02-06,Cotton,Anand APMC,6864
2026-02-06,Wheat,Ahmedabad APMC,2532
2026-02-06,Wheat,Vadodara APMC,2403
2026-02-06,Wheat,Surat APMC,2585
2026-02-06,Wheat,Rajkot APMC,2477
2026-02-06,Wheat,Anand APMC,2440
2026-02-06,Groundnut,Ahmedabad APMC,6196
2026-02-06,Groundnut,Vadodara APMC,6039
2026-02-06,Groundnut,Surat APMC,6225
2026-02-06,Groundnut,Rajkot APMC,6156
2026-02-06,Groundnut,Anand APMC,6089
2026-02-06,Tomato,Ahmedabad APMC,1807
2026-02-06,Tomato,Vadodara APMC,1684
2026-02-06,Tomato,Surat APMC,1892
2026-02-06,Tomato,Rajkot APMC,1760
2026-02-06,Tomato,Anand APMC,1703
2026-02-07,Cotton,Ahmedabad APMC,7016
2026-02-07,Cotton,Vadodara APMC,6823
2026-02-07,Cotton,Surat APMC,7002
2026-02-07,Cotton,Rajkot APMC,6880
2026-02-07,Cotton,Anand APMC,6880
2026-02-07,Wheat,Ahmedabad APMC,2529
2026-02-07,Wheat,Vadodara APMC,2412
2026-02-07,Wheat,Surat APMC,2581
2026-02-07,Wheat,Rajkot APMC,2500
2026-02-07,Wheat,Anand APMC,2442
2026-02-07,Groundnut,Ahmedabad APMC,6164
2026-02-07,Groundnut,Vadodara APMC,6011
2026-02-07,Groundnut,Surat APMC,6209
2026-02-07,Groundnut,Rajkot APMC,6137
2026-02-07,Groundnut,Anand APMC,6081
2026-02-07,Tomato,Ahmedabad APMC,1845
2026-02-07,Tomato,Vadodara APMC,1643
2026-02-07,Tomato,Surat APMC,1881
2026-02-07,Tomato,Rajkot APMC,1751
2026-02-07,Tomato,Anand APMC,1707
2026-02-08,Cotton,Ahmedabad APMC,6946
2026-02-08,Cotton,Vadodara APMC,6840
2026-02-08,Cotton,Surat APMC,7065
2026-02-08,Cotton,Rajkot APMC,6894
2026-02-08,Cotton,Anand APMC,6902
2026-02-08,Wheat,Ahmedabad APMC,2545
2026-02-08,Wheat,Vadodara APMC,2411
2026-02-08,Wheat,Surat APMC,2598
2026-02-08,Wheat,Rajkot APMC,2505
2026-02-08,Wheat,Anand APMC,2442
2026-02-08,Groundnut,Ahmedabad APMC,6241
2026-02-08,Groundnut,Vadodara APMC,6091
2026-02-08,Groundnut,Surat APMC,6228
2026-02-08,Groundnut,Rajkot APMC,6134
2026-02-08,Groundnut,Anand APMC,6103
2026-02-08,Tomato,Ahmedabad APMC,1804
2026-02-08,Tomato,Vadodara APMC,1685
2026-02-08,Tomato,Surat APMC,1849
2026-02-08,Tomato,Rajkot APMC,1807
2026-02-08,Tomato,Anand APMC,1717
2026-02-09,Cotton,Ahmedabad APMC,7013
2026-02-09,Cotton,Vadodara APMC,6876
2026-02-09,Cotton,Surat APMC,7038
2026-02-09,Cotton,Rajkot APMC,6940
2026-02-09,Cotton,Anand APMC,6931
2026-02-09,Wheat,Ahmedabad APMC,2548
2026-02-09,Wheat,Vadodara APMC,2390
2026-02-09,Wheat,Surat APMC,2623
2026-02-09,Wheat,Rajkot APMC,2526
2026-02-09,Wheat,Anand APMC,2451
2026-02-09,Groundnut,Ahmedabad APMC,6185
2026-02-09,Groundnut,Vadodara APMC,6060
2026-02-09,Groundnut,Surat APMC,6298
2026-02-09,Groundnut,Rajkot APMC,6137
2026-02-09,Groundnut,Anand APMC,6144
2026-02-09,Tomato,Ahmedabad APMC,1854
2026-02-09,Tomato,Vadodara APMC,1656
2026-02-09,Tomato,Surat APMC,1876
2026-02-09,Tomato,Rajkot APMC,1788
2026-02-09,Tomato,Anand APMC,1731
2026-02-10,Cotton,Ahmedabad APMC,7034
2026-02-10,Cotton,Vadodara APMC,6847
2026-02-10,Cotton,Surat APMC,7008
2026-02-10,Cotton,Rajkot APMC,6964
2026-02-10,Cotton,Anand APMC,6932
2026-02-10,Wheat,Ahmedabad APMC,2561
2026-02-10,Wheat,Vadodara APMC,2390
2026-02-10,Wheat,Surat APMC,2616
2026-02-10,Wheat,Rajkot APMC,2521
2026-02-10,Wheat,Anand APMC,2446
2026-02-10,Groundnut,Ahmedabad APMC,6235
2026-02-10,Groundnut,Vadodara APMC,6076
2026-02-10,Groundnut,Surat APMC,6288
2026-02-10,Groundnut,Rajkot APMC,6149
2026-02-10,Groundnut,Anand APMC,6135
2026-02-10,Tomato,Ahmedabad APMC,1821
2026-02-10,Tomato,Vadodara APMC,1706
2026-02-10,Tomato,Surat APMC,1893
2026-02-10,Tomato,Rajkot APMC,1801
2026-02-10,Tomato,Anand APMC,1727
2026-02-11,Cotton,Ahmedabad APMC,7038
2026-02-11,Cotton,Vadodara APMC,6878
2026-02-11,Cotton,Surat APMC,7109
2026-02-11,Cotton,Rajkot APMC,6971
2026-02-11,Cotton,Anand APMC,6919
2026-02-11,Wheat,Ahmedabad APMC,2571
2026-02-11,Wheat,Vadodara APMC,2431
2026-02-11,Wheat,Surat APMC,2611
2026-02-11,Wheat,Rajkot APMC,2514
2026-02-11,Wheat,Anand APMC,2459
2026-02-11,Groundnut,Ahmedabad APMC,6199
2026-02-11,Groundnut,Vadodara APMC,6073
2026-02-11,Groundnut,Surat APMC,6295
2026-02-11,Groundnut,Rajkot APMC,6169
2026-02-11,Groundnut,Anand APMC,6147
2026-02-11,Tomato,Ahmedabad APMC,1852
2026-02-11,Tomato,Vadodara APMC,1705
2026-02-11,Tomato,Surat APMC,1908
2026-02-11,Tomato,Rajkot APMC,1790
2026-02-11,Tomato,Anand APMC,1737
2026-02-12,Cotton,Ahmedabad APMC,6973
2026-02-12,Cotton,Vadodara APMC,6883
2026-02-12,Cotton,Surat APMC,7061
2026-02-12,Cotton,Rajkot APMC,6943
2026-02-12,Cotton,Anand APMC,6932
2026-02-12,Wheat,Ahmedabad APMC,2561
2026-02-12,Wheat,Vadodara APMC,2420
2026-02-12,Wheat,Surat APMC,2614
2026-02-12,Wheat,Rajkot APMC,2519
2026-02-12,Wheat,Anand APMC,2465
2026-02-12,Groundnut,Ahmedabad APMC,6272
2026-02-12,Groundnut,Vadodara APMC,6081
2026-02-12,Groundnut,Surat APMC,6317
2026-02-12,Groundnut,Rajkot APMC,6147
2026-02-12,Groundnut,Anand APMC,6162
2026-02-12,Tomato,Ahmedabad APMC,1882
2026-02-12,Tomato,Vadodara APMC,1684
2026-02-12,Tomato,Surat APMC,1877
2026-02-12,Tomato,Rajkot APMC,1787
2026-02-12,Tomato,Anand APMC,1768
2026-02-13,Cotton,Ahmedabad APMC,7032
2026-02-13,Cotton,Vadodara APMC,6892
2026-02-13,Cotton,Surat APMC,7101
2026-02-13,Cotton,Rajkot APMC,7027
2026-02-13,Cotton,Anand APMC,6910
2026-02-13,Wheat,Ahmedabad APMC,2582
2026-02-13,Wheat,Vadodara APMC,2433
2026-02-13,Wheat,Surat APMC,2630
2026-02-13,Wheat,Rajkot APMC,2503
2026-02-13,Wheat,Anand APMC,2457
2026-02-13,Groundnut,Ahmedabad APMC,6241
2026-02-13,Groundnut,Vadodara APMC,6082
2026-02-13,Groundnut,Surat APMC,6305
2026-02-13,Groundnut,Rajkot APMC,6185
2026-02-13,Groundnut,Anand APMC,6143
2026-02-13,Tomato,Ahmedabad APMC,1870
2026-02-13,Tomato,Vadodara APMC,1715
2026-02-13,Tomato,Surat APMC,1901
2026-02-13,Tomato,Rajkot APMC,1808
2026-02-13,Tomato,Anand APMC,1763
2026-02-14,Cotton,Ahmedabad APMC,7057
2026-02-14,Cotton,Vadodara APMC,6884
2026-02-14,Cotton,Surat APMC,7094
2026-02-14,Cotton,Rajkot APMC,7035
2026-02-14,Cotton,Anand APMC,6960
2026-02-14,Wheat,Ahmedabad APMC,2577
2026-02-14,Wheat,Vadodara APMC,2428
2026-02-14,Wheat,Surat APMC,2635
2026-02-14,Wheat,Rajkot APMC,2523
2026-02-14,Wheat,Anand APMC,2475
2026-02-14,Groundnut,Ahmedabad APMC,6244
2026-02-14,Groundnut,Vadodara APMC,6091
2026-02-14,Groundnut,Surat APMC,6277
2026-02-14,Groundnut,Rajkot APMC,6186
2026-02-14,Groundnut,Anand APMC,6152
2026-02-14,Tomato,Ahmedabad APMC,1841
2026-02-14,Tomato,Vadodara APMC,1731
2026-02-14,Tomato,Surat APMC,1918
2026-02-14,Tomato,Rajkot APMC,1844
2026-02-14,Tomato,Anand APMC,1782
2026-02-15,Cotton,Ahmedabad APMC,7088
2026-02-15,Cotton,Vadodara APMC,6873
2026-02-15,Cotton,Surat APMC,7074
2026-02-15,Cotton,Rajkot APMC,6977
2026-02-15,Cotton,Anand APMC,6994
2026-02-15,Wheat,Ahmedabad APMC,2590
2026-02-15,Wheat,Vadodara APMC,2427
2026-02-15,Wheat,Surat APMC,2647
2026-02-15,Wheat,Rajkot APMC,2543
2026-02-15,Wheat,Anand APMC,2498
2026-02-15,Groundnut,Ahmedabad APMC,6256
2026-02-15,Groundnut,Vadodara APMC,6082
2026-02-15,Groundnut,Surat APMC,6294
2026-02-15,Groundnut,Rajkot APMC,6207
2026-02-15,Groundnut,Anand APMC,6149
2026-02-15,Tomato,Ahmedabad APMC,1863
2026-02-15,Tomato,Vadodara APMC,1701
2026-02-15,Tomato,Surat APMC,1909
2026-02-15,Tomato,Rajkot APMC,1790
2026-02-15,Tomato,Anand APMC,1785
2026-02-16,Cotton,Ahmedabad APMC,7078
2026-02-16,Cotton,Vadodara APMC,6876
2026-02-16,Cotton,Surat APMC,7095
2026-02-16,Cotton,Rajkot APMC,6965
2026-02-16,Cotton,Anand APMC,6916
2026-02-16,Wheat,Ahmedabad APMC,2599
2026-02-16,Wheat,Vadodara APMC,2432
2026-02-16,Wheat,Surat APMC,2622
2026-02-16,Wheat,Rajkot APMC,2554
2026-02-16,Wheat,Anand APMC,2495
2026-02-16,Groundnut,Ahmedabad APMC,6241
2026-02-16,Groundnut,Vadodara APMC,6079
2026-02-16,Groundnut,Surat APMC,6351
2026-02-16,Groundnut,Rajkot APMC,6214
2026-02-16,Groundnut,Anand APMC,6188
2026-02-16,Tomato,Ahmedabad APMC,1876
2026-02-16,Tomato,Vadodara APMC,1724
2026-02-16,Tomato,Surat APMC,1917
2026-02-16,Tomato,Rajkot APMC,1807
2026-02-16,Tomato,Anand APMC,1749
2026-02-17,Cotton,Ahmedabad APMC,7052
2026-02-17,Cotton,Vadodara APMC,6931
2026-02-17,Cotton,Surat APMC,7084
2026-02-17,Cotton,Rajkot APMC,6978
2026-02-17,Cotton,Anand APMC,6971
2026-02-17,Wheat,Ahmedabad APMC,2599
2026-02-17,Wheat,Vadodara APMC,2422
2026-02-17,Wheat,Surat APMC,2654
2026-02-17,Wheat,Rajkot APMC,2558
2026-02-17,Wheat,Anand APMC,2471
2026-02-17,Groundnut,Ahmedabad APMC,6255
2026-02-17,Groundnut,Vadodara APMC,6105
2026-02-17,Groundnut,Surat APMC,6358
2026-02-17,Groundnut,Rajkot APMC,6224
2026-02-17,Groundnut,Anand APMC,6146
2026-02-17,Tomato,Ahmedabad APMC,1867
2026-02-17,Tomato,Vadodara APMC,1709
2026-02-17,Tomato,Surat APMC,1937
2026-02-17,Tomato,Rajkot APMC,1850
2026-02-17,Tomato,Anand APMC,1778
2026-02-18,Cotton,Ahmedabad APMC,7107
2026-02-18,Cotton,Vadodara APMC,6956
2026-02-18,Cotton,Surat APMC,7159
2026-02-18,Cotton,Rajkot APMC,7008
2026-02-18,Cotton,Anand APMC,7029
2026-02-18,Wheat,Ahmedabad APMC,2605
2026-02-18,Wheat,Vadodara APMC,2446
2026-02-18,Wheat,Surat APMC,2650
2026-02-18,Wheat,Rajkot APMC,2550
2026-02-18,Wheat,Anand APMC,2491
2026-02-18,Groundnut,Ahmedabad APMC,6319
2026-02-18,Groundnut,Vadodara APMC,6148
2026-02-18,Groundnut,Surat APMC,6333
2026-02-18,Groundnut,Rajkot APMC,6266
2026-02-18,Groundnut,Anand APMC,6223
2026-02-18,Tomato,Ahmedabad APMC,1861
2026-02-18,Tomato,Vadodara APMC,1747
2026-02-18,Tomato,Surat APMC,1955
2026-02-18,Tomato,Rajkot APMC,1814
2026-02-18,Tomato,Anand APMC,1818
2026-02-19,Cotton,Ahmedabad APMC,7137
2026-02-19,Cotton,Vadodara APMC,6916
2026-02-19,Cotton,Surat APMC,7170
2026-02-19,Cotton,Rajkot APMC,7017
2026-02-19,Cotton,Anand APMC,6973
2026-02-19,Wheat,Ahmedabad APMC,2581
2026-02-19,Wheat,Vadodara APMC,2436
2026-02-19,Wheat,Surat APMC,2641
2026-02-19,Wheat,Rajkot APMC,2537
2026-02-19,Wheat,Anand APMC,2511
2026-02-19,Groundnut,Ahmedabad APMC,6261
2026-02-19,Groundnut,Vadodara APMC,6122
2026-02-19,Groundnut,Surat APMC,6302
2026-02-19,Groundnut,Rajkot APMC,6254
2026-02-19,Groundnut,Anand APMC,6209
2026-02-19,Tomato,Ahmedabad APMC,1908
2026-02-19,Tomato,Vadodara APMC,1752
2026-02-19,Tomato,Surat APMC,1944
2026-02-19,Tomato,Rajkot APMC,1832
2026-02-19,Tomato,Anand APMC,1766
2026-02-20,Cotton,Ahmedabad APMC,7079
2026-02-20,Cotton,Vadodara APMC,6936
2026-02-20,Cotton,Surat APMC,7190
2026-02-20,Cotton,Rajkot APMC,7036
2026-02-20,Cotton,Anand APMC,7039
2026-02-20,Wheat,Ahmedabad APMC,2609
2026-02-20,Wheat,Vadodara APMC,2434
2026-02-20,Wheat,Surat APMC,2644
2026-02-20,Wheat,Rajkot APMC,2546
2026-02-20,Wheat,Anand APMC,2520
2026-02-20,Groundnut,Ahmedabad APMC,6335
2026-02-20,Groundnut,Vadodara APMC,6135
2026-02-20,Groundnut,Surat APMC,6364
2026-02-20,Groundnut,Rajkot APMC,6224
2026-02-20,Groundnut,Anand APMC,6229
2026-02-20,Tomato,Ahmedabad APMC,1884
2026-02-20,Tomato,Vadodara APMC,1761
2026-02-20,Tomato,Surat APMC,1929
2026-02-20,Tomato,Rajkot APMC,1878
2026-02-20,Tomato,Anand APMC,1787
2026-02-21,Cotton,Ahmedabad APMC,7078
2026-02-21,Cotton,Vadodara APMC,6919
2026-02-21,Cotton,Surat APMC,7117
2026-02-21,Cotton,Rajkot APMC,7031
2026-02-21,Cotton,Anand APMC,6999
2026-02-21,Wheat,Ahmedabad APMC,2622
2026-02-21,Wheat,Vadodara APMC,2470
2026-02-21,Wheat,Surat APMC,2652
2026-02-21,Wheat,Rajkot APMC,2562
2026-02-21,Wheat,Anand APMC,2491
2026-02-21,Groundnut,Ahmedabad APMC,6327
2026-02-21,Groundnut,Vadodara APMC,6156
2026-02-21,Groundnut,Surat APMC,6369
2026-02-21,Groundnut,Rajkot APMC,6252
2026-02-21,Groundnut,Anand APMC,6232
2026-02-21,Tomato,Ahmedabad APMC,1910
2026-02-21,Tomato,Vadodara APMC,1757
2026-02-21,Tomato,Surat APMC,1954
2026-02-21,Tomato,Rajkot APMC,1831
2026-02-21,Tomato,Anand APMC,1814
2026-02-22,Cotton,Ahmedabad APMC,7075
2026-02-22,Cotton,Vadodara APMC,6975
2026-02-22,Cotton,Surat APMC,7214
2026-02-22,Cotton,Rajkot APMC,7061
2026-02-22,Cotton,Anand APMC,7047
2026-02-22,Wheat,Ahmedabad APMC,2604
2026-02-22,Wheat,Vadodara APMC,2439
2026-02-22,Wheat,Surat APMC,2643
2026-02-22,Wheat,Rajkot APMC,2552
2026-02-22,Wheat,Anand APMC,2524
2026-02-22,Groundnut,Ahmedabad APMC,6351
2026-02-22,Groundnut,Vadodara APMC,6128
2026-02-22,Groundnut,Surat APMC,6360
2026-02-22,Groundnut,Rajkot APMC,6299
2026-02-22,Groundnut,Anand APMC,6181
2026-02-22,Tomato,Ahmedabad APMC,1930
2026-02-22,Tomato,Vadodara APMC,1780
2026-02-22,Tomato,Surat APMC,1943
2026-02-22,Tomato,Rajkot APMC,1862
2026-02-22,Tomato,Anand APMC,1815
2026-02-23,Cotton,Ahmedabad APMC,7163
2026-02-23,Cotton,Vadodara APMC,6986
2026-02-23,Cotton,Surat APMC,7165
2026-02-23,Cotton,Rajkot APMC,7053
2026-02-23,Cotton,Anand APMC,7054
2026-02-23,Wheat,Ahmedabad APMC,2619
2026-02-23,Wheat,Vadodara APMC,2482
2026-02-23,Wheat,Surat APMC,2673
2026-02-23,Wheat,Rajkot APMC,2547
2026-02-23,Wheat,Anand APMC,2522
2026-02-23,Groundnut,Ahmedabad APMC,6328
2026-02-23,Groundnut,Vadodara APMC,6186
2026-02-23,Groundnut,Surat APMC,6376
2026-02-23,Groundnut,Rajkot APMC,6275
2026-02-23,Groundnut,Anand APMC,6197
2026-02-23,Tomato,Ahmedabad APMC,1942
2026-02-23,Tomato,Vadodara APMC,1748
2026-02-23,Tomato,Surat APMC,1959
2026-02-23,Tomato,Rajkot APMC,1864
2026-02-23,Tomato,Anand APMC,1832
2026-02-24,Cotton,Ahmedabad APMC,7153
2026-02-24,Cotton,Vadodara APMC,6976
2026-02-24,Cotton,Surat APMC,7224
2026-02-24,Cotton,Rajkot APMC,7091
2026-02-24,Cotton,Anand APMC,7087
2026-02-24,Wheat,Ahmedabad APMC,2631
2026-02-24,Wheat,Vadodara APMC,2448
2026-02-24,Wheat,Surat APMC,2675
2026-02-24,Wheat,Rajkot APMC,2551
2026-02-24,Wheat,Anand APMC,2516
2026-02-24,Groundnut,Ahmedabad APMC,6324
2026-02-24,Groundnut,Vadodara APMC,6183
2026-02-24,Groundnut,Surat APMC,6356
2026-02-24,Groundnut,Rajkot APMC,6293
2026-02-24,Groundnut,Anand APMC,6257
2026-02-24,Tomato,Ahmedabad APMC,1946
2026-02-24,Tomato,Vadodara APMC,1744
2026-02-24,Tomato,Surat APMC,1986
2026-02-24,Tomato,Rajkot APMC,1899
2026-02-24,Tomato,Anand APMC,1828
2026-02-25,Cotton,Ahmedabad APMC,7159
2026-02-25,Cotton,Vadodara APMC,7002
2026-02-25,Cotton,Surat APMC,7156
2026-02-25,Cotton,Rajkot APMC,7074
2026-02-25,Cotton,Anand APMC,7066
2026-02-25,Wheat,Ahmedabad APMC,2623
2026-02-25,Wheat,Vadodara APMC,2489
2026-02-25,Wheat,Surat APMC,2681
2026-02-25,Wheat,Rajkot APMC,2590
2026-02-25,Wheat,Anand APMC,2528
2026-02-25,Groundnut,Ahmedabad APMC,6306
2026-02-25,Groundnut,Vadodara APMC,6176
2026-02-25,Groundnut,Surat APMC,6384
2026-02-25,Groundnut,Rajkot APMC,6320
2026-02-25,Groundnut,Anand APMC,6216
2026-02-25,Tomato,Ahmedabad APMC,1959
2026-02-25,Tomato,Vadodara APMC,1768
2026-02-25,Tomato,Surat APMC,1978
2026-02-25,Tomato,Rajkot APMC,1906
2026-02-25,Tomato,Anand APMC,1844
2026-02-26,Cotton,Ahmedabad APMC,7172
2026-02-26,Cotton,Vadodara APMC,6975
2026-02-26,Cotton,Surat APMC,7163
2026-02-26,Cotton,Rajkot APMC,7140
2026-02-26,Cotton,Anand APMC,7087
2026-02-26,Wheat,Ahmedabad APMC,2619
2026-02-26,Wheat,Vadodara APMC,2464
2026-02-26,Wheat,Surat APMC,2673
2026-02-26,Wheat,Rajkot APMC,2589
2026-02-26,Wheat,Anand APMC,2504
2026-02-26,Groundnut,Ahmedabad APMC,6378
2026-02-26,Groundnut,Vadodara APMC,6210
2026-02-26,Groundnut,Surat APMC,6369
2026-02-26,Groundnut,Rajkot APMC,6286
2026-02-26,Groundnut,Anand APMC,6222
2026-02-26,Tomato,Ahmedabad APMC,1935
2026-02-26,Tomato,Vadodara APMC,1816
2026-02-26,Tomato,Surat APMC,1963
2026-02-26,Tomato,Rajkot APMC,1897
2026-02-26,Tomato,Anand APMC,1859
2026-02-27,Cotton,Ahmedabad APMC,7139
2026-02-27,Cotton,Vadodara APMC,7033
2026-02-27,Cotton,Surat APMC,7261
2026-02-27,Cotton,Rajkot APMC,7107
2026-02-27,Cotton,Anand APMC,7085
2026-02-27,Wheat,Ahmedabad APMC,2625
2026-02-27,Wheat,Vadodara APMC,2484
2026-02-27,Wheat,Surat APMC,2688
2026-02-27,Wheat,Rajkot APMC,2588
2026-02-27,Wheat,Anand APMC,2523
2026-02-27,Groundnut,Ahmedabad APMC,6374
2026-02-27,Groundnut,Vadodara APMC,6236
2026-02-27,Groundnut,Surat APMC,6384
2026-02-27,Groundnut,Rajkot APMC,6315
2026-02-27,Groundnut,Anand APMC,6240
2026-02-27,Tomato,Ahmedabad APMC,1970
2026-02-27,Tomato,Vadodara APMC,1800
2026-02-27,Tomato,Surat APMC,1994
2026-02-27,Tomato,Rajkot APMC,1909
2026-02-27,Tomato,Anand APMC,1868
2026-02-28,Cotton,Ahmedabad APMC,7147
2026-02-28,Cotton,Vadodara APMC,6988
2026-02-28,Cotton,Surat APMC,7215
2026-02-28,Cotton,Rajkot APMC,7178
2026-02-28,Cotton,Anand APMC,7083
2026-02-28,Wheat,Ahmedabad APMC,2633
2026-02-28,Wheat,Vadodara APMC,2494
2026-02-28,Wheat,Surat APMC,2679
2026-02-28,Wheat,Rajkot APMC,2562
2026-02-28,Wheat,Anand APMC,2530
2026-02-28,Groundnut,Ahmedabad APMC,6362
2026-02-28,Groundnut,Vadodara APMC,6249
2026-02-28,Groundnut,Surat APMC,6448
2026-02-28,Groundnut,Rajkot APMC,6336
2026-02-28,Groundnut,Anand APMC,6243
2026-02-28,Tomato,Ahmedabad APMC,1946
2026-02-28,Tomato,Vadodara APMC,1802
2026-02-28,Tomato,Surat APMC,1998
2026-02-28,Tomato,Rajkot APMC,1890
2026-02-28,Tomato,Anand APMC,1839
2026-03-01,Cotton,Ahmedabad APMC,7210
2026-03-01,Cotton,Vadodara APMC,7087
2026-03-01,Cotton,Surat APMC,7259
2026-03-01,Cotton,Rajkot APMC,7138
2026-03-01,Cotton,Anand APMC,7098
2026-03-01,Wheat,Ahmedabad APMC,2636
2026-03-01,Wheat,Vadodara APMC,2478
2026-03-01,Wheat,Surat APMC,2681
2026-03-01,Wheat,Rajkot APMC,2602
2026-03-01,Wheat,Anand APMC,2540
2026-03-01,Groundnut,Ahmedabad APMC,6361
2026-03-01,Groundnut,Vadodara APMC,6234
2026-03-01,Groundnut,Surat APMC,6387
2026-03-01,Groundnut,Rajkot APMC,6322
2026-03-01,Groundnut,Anand APMC,6292
2026-03-01,Tomato,Ahmedabad APMC,1969
2026-03-01,Tomato,Vadodara APMC,1832
2026-03-01,Tomato,Surat APMC,2025
2026-03-01,Tomato,Rajkot APMC,1898
2026-03-01,Tomato,Anand APMC,1848
2026-03-02,Cotton,Ahmedabad APMC,7234
2026-03-02,Cotton,Vadodara APMC,7083
2026-03-02,Cotton,Surat APMC,7219
2026-03-02,Cotton,Rajkot APMC,7163
2026-03-02,Cotton,Anand APMC,7054
2026-03-02,Wheat,Ahmedabad APMC,2628
2026-03-02,Wheat,Vadodara APMC,2502
2026-03-02,Wheat,Surat APMC,2707
2026-03-02,Wheat,Rajkot APMC,2591
2026-03-02,Wheat,Anand APMC,2526
2026-03-02,Groundnut,Ahmedabad APMC,6396
2026-03-02,Groundnut,Vadodara APMC,6202
2026-03-02,Groundnut,Surat APMC,6457
2026-03-02,Groundnut,Rajkot APMC,6348
2026-03-02,Groundnut,Anand APMC,6241
2026-03-02,Tomato,Ahmedabad APMC,1976
2026-03-02,Tomato,Vadodara APMC,1789
2026-03-02,Tomato,Surat APMC,2006
2026-03-02,Tomato,Rajkot APMC,1935
2026-03-02,Tomato,Anand APMC,1871
2026-03-03,Cotton,Ahmedabad APMC,7179
2026-03-03,Cotton,Vadodara APMC,7019
2026-03-03,Cotton,Surat APMC,7270
2026-03-03,Cotton,Rajkot APMC,7210
2026-03-03,Cotton,Anand APMC,7093
2026-03-03,Wheat,Ahmedabad APMC,2645
2026-03-03,Wheat,Vadodara APMC,2513
2026-03-03,Wheat,Surat APMC,2699
2026-03-03,Wheat,Rajkot APMC,2579
2026-03-03,Wheat,Anand APMC,2545
2026-03-03,Groundnut,Ahmedabad APMC,6416
2026-03-03,Groundnut,Vadodara APMC,6246
2026-03-03,Groundnut,Surat APMC,6438
2026-03-03,Groundnut,Rajkot APMC,6378
2026-03-03,Groundnut,Anand APMC,6310
2026-03-03,Tomato,Ahmedabad APMC,1991
2026-03-03,Tomato,Vadodara APMC,1820
2026-03-03,Tomato,Surat APMC,1988
2026-03-03,Tomato,Rajkot APMC,1925
2026-03-03,Tomato,Anand APMC,1840
2026-03-04,Cotton,Ahmedabad APMC,7200
2026-03-04,Cotton,Vadodara APMC,7100
2026-03-04,Cotton,Surat APMC,7307
2026-03-04,Cotton,Rajkot APMC,7156
2026-03-04,Cotton,Anand APMC,7099
2026-03-04,Wheat,Ahmedabad APMC,2633
2026-03-04,Wheat,Vadodara APMC,2505
2026-03-04,Wheat,Surat APMC,2684
2026-03-04,Wheat,Rajkot APMC,2618
2026-03-04,Wheat,Anand APMC,2534
2026-03-04,Groundnut,Ahmedabad APMC,6412
2026-03-04,Groundnut,Vadodara APMC,6227
2026-03-04,Groundnut,Surat APMC,6444
2026-03-04,Groundnut,Rajkot APMC,6309
2026-03-04,Groundnut,Anand APMC,6261
2026-03-04,Tomato,Ahmedabad APMC,1962
2026-03-04,Tomato,Vadodara APMC,1842
2026-03-04,Tomato,Surat APMC,1995
2026-03-04,Tomato,Rajkot APMC,1910
2026-03-04,Tomato,Anand APMC,1864
2026-03-05,Cotton,Ahmedabad APMC,7227
2026-03-05,Cotton,Vadodara APMC,7085
2026-03-05,Cotton,Surat APMC,7248
2026-03-05,Cotton,Rajkot APMC,7161
2026-03-05,Cotton,Anand APMC,7147
2026-03-05,Wheat,Ahmedabad APMC,2658
2026-03-05,Wheat,Vadodara APMC,2518
2026-03-05,Wheat,Surat APMC,2693
2026-03-05,Wheat,Rajkot APMC,2592
2026-03-05,Wheat,Anand APMC,2543
2026-03-05,Groundnut,Ahmedabad APMC,6374
2026-03-05,Groundnut,Vadodara APMC,6292
2026-03-05,Groundnut,Surat APMC,6462
2026-03-05,Groundnut,Rajkot APMC,6393
2026-03-05,Groundnut,Anand APMC,6294
2026-03-05,Tomato,Ahmedabad APMC,1979
2026-03-05,Tomato,Vadodara APMC,1856
2026-03-05,Tomato,Surat APMC,2035
2026-03-05,Tomato,Rajkot APMC,1907
2026-03-05,Tomato,Anand APMC,1862
2026-03-06,Cotton,Ahmedabad APMC,7249
2026-03-06,Cotton,Vadodara APMC,7121
2026-03-06,Cotton,Surat APMC,7272
2026-03-06,Cotton,Rajkot APMC,7198
2026-03-06,Cotton,Anand APMC,7122
2026-03-06,Wheat,Ahmedabad APMC,2636
2026-03-06,Wheat,Vadodara APMC,2515
2026-03-06,Wheat,Surat APMC,2704
2026-03-06,Wheat,Rajkot APMC,2620
2026-03-06,Wheat,Anand APMC,2546
2026-03-06,Groundnut,Ahmedabad APMC,6381
2026-03-06,Groundnut,Vadodara APMC,6278
2026-03-06,Groundnut,Surat APMC,6466
2026-03-06,Groundnut,Rajkot APMC,6397
2026-03-06,Groundnut,Anand APMC,6310
2026-03-06,Tomato,Ahmedabad APMC,1994
2026-03-06,Tomato,Vadodara APMC,1831
2026-03-06,Tomato,Surat APMC,2048
2026-03-06,Tomato,Rajkot APMC,1920
2026-03-06,Tomato,Anand APMC,1883
2026-03-07,Cotton,Ahmedabad APMC,7238
2026-03-07,Cotton,Vadodara APMC,7075
2026-03-07,Cotton,Surat APMC,7299
2026-03-07,Cotton,Rajkot APMC,7211
2026-03-07,Cotton,Anand APMC,7113
2026-03-07,Wheat,Ahmedabad APMC,2655
2026-03-07,Wheat,Vadodara APMC,2514
2026-03-07,Wheat,Surat APMC,2726
2026-03-07,Wheat,Rajkot APMC,2612
2026-03-07,Wheat,Anand APMC,2576
2026-03-07,Groundnut,Ahmedabad APMC,6417
2026-03-07,Groundnut,Vadodara APMC,6267
2026-03-07,Groundnut,Surat APMC,6432
2026-03-07,Groundnut,Rajkot APMC,6380
2026-03-07,Groundnut,Anand APMC,6315
2026-03-07,Tomato,Ahmedabad APMC,1960
2026-03-07,Tomato,Vadodara APMC,1846
2026-03-07,Tomato,Surat APMC,2065
2026-03-07,Tomato,Rajkot APMC,1953
2026-03-07,Tomato,Anand APMC,1909
2026-03-08,Cotton,Ahmedabad APMC,7305
2026-03-08,Cotton,Vadodara APMC,7066
2026-03-08,Cotton,Surat APMC,7337
2026-03-08,Cotton,Rajkot APMC,7255
2026-03-08,Cotton,Anand APMC,7173
2026-03-08,Wheat,Ahmedabad APMC,2662
2026-03-08,Wheat,Vadodara APMC,2508
2026-03-08,Wheat,Surat APMC,2732
2026-03-08,Wheat,Rajkot APMC,2616
2026-03-08,Wheat,Anand APMC,2558
2026-03-08,Groundnut,Ahmedabad APMC,6412
2026-03-08,Groundnut,Vadodara APMC,6317
2026-03-08,Groundnut,Surat APMC,6470
2026-03-08,Groundnut,Rajkot APMC,6355
2026-03-08,Groundnut,Anand APMC,6368
2026-03-08,Tomato,Ahmedabad APMC,1972
2026-03-08,Tomato,Vadodara APMC,1873
2026-03-08,Tomato,Surat APMC,2056
2026-03-08,Tomato,Rajkot APMC,1957
2026-03-08,Tomato,Anand APMC,1868
2026-03-09,Cotton,Ahmedabad APMC,7259
2026-03-09,Cotton,Vadodara APMC,7170
2026-03-09,Cotton,Surat APMC,7326
2026-03-09,Cotton,Rajkot APMC,7174
2026-03-09,Cotton,Anand APMC,7194
2026-03-09,Wheat,Ahmedabad APMC,2671
2026-03-09,Wheat,Vadodara APMC,2506
2026-03-09,Wheat,Surat APMC,2703
2026-03-09,Wheat,Rajkot APMC,2616
2026-03-09,Wheat,Anand APMC,2568
2026-03-09,Groundnut,Ahmedabad APMC,6449
2026-03-09,Groundnut,Vadodara APMC,6268
2026-03-09,Groundnut,Surat APMC,6471
2026-03-09,Groundnut,Rajkot APMC,6362
2026-03-09,Groundnut,Anand APMC,6365
2026-03-09,Tomato,Ahmedabad APMC,2028
2026-03-09,Tomato,Vadodara APMC,1845
2026-03-09,Tomato,Surat APMC,2055
2026-03-09,Tomato,Rajkot APMC,1954
2026-03-09,Tomato,Anand APMC,1930
2026-03-10,Cotton,Ahmedabad APMC,7264
2026-03-10,Cotton,Vadodara APMC,7101
2026-03-10,Cotton,Surat APMC,7312
2026-03-10,Cotton,Rajkot APMC,7241
2026-03-10,Cotton,Anand APMC,7167
2026-03-10,Wheat,Ahmedabad APMC,2673
2026-03-10,Wheat,Vadodara APMC,2509
2026-03-10,Wheat,Surat APMC,2731
2026-03-10,Wheat,Rajkot APMC,2606
2026-03-10,Wheat,Anand APMC,2561
2026-03-10,Groundnut,Ahmedabad APMC,6432
2026-03-10,Groundnut,Vadodara APMC,6304
2026-03-10,Groundnut,Surat APMC,6525
2026-03-10,Groundnut,Rajkot APMC,6400
2026-03-10,Groundnut,Anand APMC,6315
2026-03-10,Tomato,Ahmedabad APMC,2028
2026-03-10,Tomato,Vadodara APMC,1853
2026-03-10,Tomato,Surat APMC,2028
2026-03-10,Tomato,Rajkot APMC,1944
2026-03-10,Tomato,Anand APMC,1912
2026-03-11,Cotton,Ahmedabad APMC,7255
2026-03-11,Cotton,Vadodara APMC,7148
2026-03-11,Cotton,Surat APMC,7337
2026-03-11,Cotton,Rajkot APMC,7276
2026-03-11,Cotton,Anand APMC,7235
2026-03-11,Wheat,Ahmedabad APMC,2672
2026-03-11,Wheat,Vadodara APMC,2543
2026-03-11,Wheat,Surat APMC,2730
2026-03-11,Wheat,Rajkot APMC,2646
2026-03-11,Wheat,Anand APMC,2579
2026-03-11,Groundnut,Ahmedabad APMC,6425
2026-03-11,Groundnut,Vadodara APMC,6291
2026-03-11,Groundnut,Surat APMC,6522
2026-03-11,Groundnut,Rajkot APMC,6365
2026-03-11,Groundnut,Anand APMC,6391
2026-03-11,Tomato,Ahmedabad APMC,2040
2026-03-11,Tomato,Vadodara APMC,1894
2026-03-11,Tomato,Surat APMC,2069
2026-03-11,Tomato,Rajkot APMC,1954
2026-03-11,Tomato,Anand APMC,1942
2026-03-12,Cotton,Ahmedabad APMC,7328
2026-03-12,Cotton,Vadodara APMC,7128
2026-03-12,Cotton,Surat APMC,7382
2026-03-12,Cotton,Rajkot APMC,7208
2026-03-12,Cotton,Anand APMC,7231
2026-03-12,Wheat,Ahmedabad APMC,2689
2026-03-12,Wheat,Vadodara APMC,2529
2026-03-12,Wheat,Surat APMC,2736
2026-03-12,Wheat,Rajkot APMC,2617
2026-03-12,Wheat,Anand APMC,2568
2026-03-12,Groundnut,Ahmedabad APMC,6425
2026-03-12,Groundnut,Vadodara APMC,6274
2026-03-12,Groundnut,Surat APMC,6508
2026-03-12,Groundnut,Rajkot APMC,6433
2026-03-12,Groundnut,Anand APMC,6334
2026-03-12,Tomato,Ahmedabad APMC,1996
2026-03-12,Tomato,Vadodara APMC,1855
2026-03-12,Tomato,Surat APMC,2096
2026-03-12,Tomato,Rajkot APMC,1974
2026-03-12,Tomato,Anand APMC,1898
2026-03-13,Cotton,Ahmedabad APMC,7309
2026-03-13,Cotton,Vadodara APMC,7168
2026-03-13,Cotton,Surat APMC,7357
2026-03-13,Cotton,Rajkot APMC,7295
2026-03-13,Cotton,Anand APMC,7255
2026-03-13,Wheat,Ahmedabad APMC,2698
2026-03-13,Wheat,Vadodara APMC,2540
2026-03-13,Wheat,Surat APMC,2751
2026-03-13,Wheat,Rajkot APMC,2623
2026-03-13,Wheat,Anand APMC,2590
2026-03-13,Groundnut,Ahmedabad APMC,6440
2026-03-13,Groundnut,Vadodara APMC,6340
2026-03-13,Groundnut,Surat APMC,6556
2026-03-13,Groundnut,Rajkot APMC,6430
2026-03-13,Groundnut,Anand APMC,6363
2026-03-13,Tomato,Ahmedabad APMC,1998
2026-03-13,Tomato,Vadodara APMC,1890
2026-03-13,Tomato,Surat APMC,2069
2026-03-13,Tomato,Rajkot APMC,1959
2026-03-13,Tomato,Anand APMC,1924
2026-03-14,Cotton,Ahmedabad APMC,7326
2026-03-14,Cotton,Vadodara APMC,7150
2026-03-14,Cotton,Surat APMC,7366
2026-03-14,Cotton,Rajkot APMC,7232
2026-03-14,Cotton,Anand APMC,7257
2026-03-14,Wheat,Ahmedabad APMC,2691
2026-03-14,Wheat,Vadodara APMC,2552
2026-03-14,Wheat,Surat APMC,2740
2026-03-14,Wheat,Rajkot APMC,2621
2026-03-14,Wheat,Anand APMC,2593
2026-03-14,Groundnut,Ahmedabad APMC,6471
2026-03-14,Groundnut,Vadodara APMC,6310
2026-03-14,Groundnut,Surat APMC,6501
2026-03-14,Groundnut,Rajkot APMC,6444
2026-03-14,Groundnut,Anand APMC,6347
2026-03-14,Tomato,Ahmedabad APMC,2044
2026-03-14,Tomato,Vadodara APMC,1865
2026-03-14,Tomato,Surat APMC,2093
2026-03-14,Tomato,Rajkot APMC,1992
2026-03-14,Tomato,Anand APMC,1940
2026-03-15,Cotton,Ahmedabad APMC,7282
2026-03-15,Cotton,Vadodara APMC,7136
2026-03-15,Cotton,Surat APMC,7430
2026-03-15,Cotton,Rajkot APMC,7272
2026-03-15,Cotton,Anand APMC,7211
2026-03-15,Wheat,Ahmedabad APMC,2680
2026-03-15,Wheat,Vadodara APMC,2558
2026-03-15,Wheat,Surat APMC,2735
2026-03-15,Wheat,Rajkot APMC,2626
2026-03-15,Wheat,Anand APMC,2607
2026-03-15,Groundnut,Ahmedabad APMC,6470
2026-03-15,Groundnut,Vadodara APMC,6369
2026-03-15,Groundnut,Surat APMC,6521
2026-03-15,Groundnut,Rajkot APMC,6423
2026-03-15,Groundnut,Anand APMC,6386
2026-03-15,Tomato,Ahmedabad APMC,2057
2026-03-15,Tomato,Vadodara APMC,1867
2026-03-15,Tomato,Surat APMC,2108
2026-03-15,Tomato,Rajkot APMC,2015
2026-03-15,Tomato,Anand APMC,1946
2026-03-16,Cotton,Ahmedabad APMC,7290
2026-03-16,Cotton,Vadodara APMC,7175
2026-03-16,Cotton,Surat APMC,7358
2026-03-16,Cotton,Rajkot APMC,7256
2026-03-16,Cotton,Anand APMC,7259
2026-03-16,Wheat,Ahmedabad APMC,2692
2026-03-16,Wheat,Vadodara APMC,2537
2026-03-16,Wheat,Surat APMC,2733
2026-03-16,Wheat,Rajkot APMC,2627
2026-03-16,Wheat,Anand APMC,2584
2026-03-16,Groundnut,Ahmedabad APMC,6453
2026-03-16,Groundnut,Vadodara APMC,6347
2026-03-16,Groundnut,Surat APMC,6532
2026-03-16,Groundnut,Rajkot APMC,6477
2026-03-16,Groundnut,Anand APMC,6393
2026-03-16,Tomato,Ahmedabad APMC,2015
2026-03-16,Tomato,Vadodara APMC,1875
2026-03-16,Tomato,Surat APMC,2080
2026-03-16,Tomato,Rajkot APMC,1967
2026-03-16,Tomato,Anand APMC,1922
2026-03-17,Cotton,Ahmedabad APMC,7394
2026-03-17,Cotton,Vadodara APMC,7203
2026-03-17,Cotton,Surat APMC,7417
2026-03-17,Cotton,Rajkot APMC,7264
2026-03-17,Cotton,Anand APMC,7295
2026-03-17,Wheat,Ahmedabad APMC,2684
2026-03-17,Wheat,Vadodara APMC,2560
2026-03-17,Wheat,Surat APMC,2758
2026-03-17,Wheat,Rajkot APMC,2653
2026-03-17,Wheat,Anand APMC,2612
2026-03-17,Groundnut,Ahmedabad APMC,6535
2026-03-17,Groundnut,Vadodara APMC,6323
2026-03-17,Groundnut,Surat APMC,6567
2026-03-17,Groundnut,Rajkot APMC,6474
2026-03-17,Groundnut,Anand APMC,6388
2026-03-17,Tomato,Ahmedabad APMC,2080
2026-03-17,Tomato,Vadodara APMC,1909
2026-03-17,Tomato,Surat APMC,2072
2026-03-17,Tomato,Rajkot APMC,2016
2026-03-17,Tomato,Anand APMC,1970
2026-03-18,Cotton,Ahmedabad APMC,7394
2026-03-18,Cotton,Vadodara APMC,7226
2026-03-18,Cotton,Surat APMC,7398
2026-03-18,Cotton,Rajkot APMC,7318
2026-03-18,Cotton,Anand APMC,7292
2026-03-18,Wheat,Ahmedabad APMC,2685
2026-03-18,Wheat,Vadodara APMC,2537
2026-03-18,Wheat,Surat APMC,2764
2026-03-18,Wheat,Rajkot APMC,2659
2026-03-18,Wheat,Anand APMC,2611
2026-03-18,Groundnut,Ahmedabad APMC,6481
2026-03-18,Groundnut,Vadodara APMC,6380
2026-03-18,Groundnut,Surat APMC,6574
2026-03-18,Groundnut,Rajkot APMC,6427
2026-03-18,Groundnut,Anand APMC,6378
2026-03-18,Tomato,Ahmedabad APMC,2046
2026-03-18,Tomato,Vadodara APMC,1914
2026-03-18,Tomato,Surat APMC,2085
2026-03-18,Tomato,Rajkot APMC,1980
2026-03-18,Tomato,Anand APMC,1934
2026-03-19,Cotton,Ahmedabad APMC,7355
2026-03-19,Cotton,Vadodara APMC,7249
2026-03-19,Cotton,Surat APMC,7451
2026-03-19,Cotton,Rajkot APMC,7344
2026-03-19,Cotton,Anand APMC,7290
2026-03-19,Wheat,Ahmedabad APMC,2708
2026-03-19,Wheat,Vadodara APMC,2562
2026-03-19,Wheat,Surat APMC,2776
2026-03-19,Wheat,Rajkot APMC,2671
2026-03-19,Wheat,Anand APMC,2606
2026-03-19,Groundnut,Ahmedabad APMC,6534
2026-03-19,Groundnut,Vadodara APMC,6390
2026-03-19,Groundnut,Surat APMC,6603
2026-03-19,Groundnut,Rajkot APMC,6481
2026-03-19,Groundnut,Anand APMC,6388
2026-03-19,Tomato,Ahmedabad APMC,2082
2026-03-19,Tomato,Vadodara APMC,1926
2026-03-19,Tomato,Surat APMC,2089
2026-03-19,Tomato,Rajkot APMC,2036
2026-03-19,Tomato,Anand APMC,1973
2026-03-20,Cotton,Ahmedabad APMC,7413
2026-03-20,Cotton,Vadodara APMC,7278
2026-03-20,Cotton,Surat APMC,7450
2026-03-20,Cotton,Rajkot APMC,7372
2026-03-20,Cotton,Anand APMC,7257
2026-03-20,Wheat,Ahmedabad APMC,2719
2026-03-20,Wheat,Vadodara APMC,2570
2026-03-20,Wheat,Surat APMC,2756
2026-03-20,Wheat,Rajkot APMC,2668
2026-03-20,Wheat,Anand APMC,2613
2026-03-20,Groundnut,Ahmedabad APMC,6542
2026-03-20,Groundnut,Vadodara APMC,6385
2026-03-20,Groundnut,Surat APMC,6587
2026-03-20,Groundnut,Rajkot APMC,6446
2026-03-20,Groundnut,Anand APMC,6424
2026-03-20,Tomato,Ahmedabad APMC,2065
2026-03-20,Tomato,Vadodara APMC,1908
2026-03-20,Tomato,Surat APMC,2130
2026-03-20,Tomato,Rajkot APMC,2004
2026-03-20,Tomato,Anand APMC,1961
2026-03-21,Cotton,Ahmedabad APMC,7359
2026-03-21,Cotton,Vadodara APMC,7277
2026-03-21,Cotton,Surat APMC,7450
2026-03-21,Cotton,Rajkot APMC,7298
2026-03-21,Cotton,Anand APMC,7251
2026-03-21,Wheat,Ahmedabad APMC,2701
2026-03-21,Wheat,Vadodara APMC,2551
2026-03-21,Wheat,Surat APMC,2773
2026-03-21,Wheat,Rajkot APMC,2652
2026-03-21,Wheat,Anand APMC,2619
2026-03-21,Groundnut,Ahmedabad APMC,6508
2026-03-21,Groundnut,Vadodara APMC,6413
2026-03-21,Groundnut,Surat APMC,6549
2026-03-21,Groundnut,Rajkot APMC,6517
2026-03-21,Groundnut,Anand APMC,6463
2026-03-21,Tomato,Ahmedabad APMC,2079
2026-03-21,Tomato,Vadodara APMC,1915
2026-03-21,Tomato,Surat APMC,2136
2026-03-21,Tomato,Rajkot APMC,2001
2026-03-21,Tomato,Anand APMC,1970
2026-03-22,Cotton,Ahmedabad APMC,7395
2026-03-22,Cotton,Vadodara APMC,7285
2026-03-22,Cotton,Surat APMC,7496
2026-03-22,Cotton,Rajkot APMC,7354
2026-03-22,Cotton,Anand APMC,7342
2026-03-22,Wheat,Ahmedabad APMC,2703
2026-03-22,Wheat,Vadodara APMC,2568
2026-03-22,Wheat,Surat APMC,2788
2026-03-22,Wheat,Rajkot APMC,2669
2026-03-22,Wheat,Anand APMC,2622
2026-03-22,Groundnut,Ahmedabad APMC,6513
2026-03-22,Groundnut,Vadodara APMC,6423
2026-03-22,Groundnut,Surat APMC,6614
2026-03-22,Groundnut,Rajkot APMC,6477
2026-03-22,Groundnut,Anand APMC,6419
2026-03-22,Tomato,Ahmedabad APMC,2092
2026-03-22,Tomato,Vadodara APMC,1930
2026-03-22,Tomato,Surat APMC,2114
2026-03-22,Tomato,Rajkot APMC,2054
2026-03-22,Tomato,Anand APMC,1956
2026-03-23,Cotton,Ahmedabad APMC,7404
2026-03-23,Cotton,Vadodara APMC,7281
2026-03-23,Cotton,Surat APMC,7457
2026-03-23,Cotton,Rajkot APMC,7324
2026-03-23,Cotton,Anand APMC,7357
2026-03-23,Wheat,Ahmedabad APMC,2721
2026-03-23,Wheat,Vadodara APMC,2590
2026-03-23,Wheat,Surat APMC,2768
2026-03-23,Wheat,Rajkot APMC,2681
2026-03-23,Wheat,Anand APMC,2639
2026-03-23,Groundnut,Ahmedabad APMC,6587
2026-03-23,Groundnut,Vadodara APMC,6436
2026-03-23,Groundnut,Surat APMC,6629
2026-03-23,Groundnut,Rajkot APMC,6461
2026-03-23,Groundnut,Anand APMC,6485
2026-03-23,Tomato,Ahmedabad APMC,2115
2026-03-23,Tomato,Vadodara APMC,1948
2026-03-23,Tomato,Surat APMC,2159
2026-03-23,Tomato,Rajkot APMC,2050
2026-03-23,Tomato,Anand APMC,1973
2026-03-24,Cotton,Ahmedabad APMC,7373
2026-03-24,Cotton,Vadodara APMC,7243
2026-03-24,Cotton,Surat APMC,7454
2026-03-24,Cotton,Rajkot APMC,7409
2026-03-24,Cotton,Anand APMC,7367
2026-03-24,Wheat,Ahmedabad APMC,2727
2026-03-24,Wheat,Vadodara APMC,2579
2026-03-24,Wheat,Surat APMC,2780
2026-03-24,Wheat,Rajkot APMC,2658
2026-03-24,Wheat,Anand APMC,2619
2026-03-24,Groundnut,Ahmedabad APMC,6534
2026-03-24,Groundnut,Vadodara APMC,6438
2026-03-24,Groundnut,Surat APMC,6617
2026-03-24,Groundnut,Rajkot APMC,6474
2026-03-24,Groundnut,Anand APMC,6434
2026-03-24,Tomato,Ahmedabad APMC,2109
2026-03-24,Tomato,Vadodara APMC,1952
2026-03-24,Tomato,Surat APMC,2113
2026-03-24,Tomato,Rajkot APMC,2017
2026-03-24,Tomato,Anand APMC,2009
2026-03-25,Cotton,Ahmedabad APMC,7447
2026-03-25,Cotton,Vadodara APMC,7257
2026-03-25,Cotton,Surat APMC,7478
2026-03-25,Cotton,Rajkot APMC,7383
2026-03-25,Cotton,Anand APMC,7338
2026-03-25,Wheat,Ahmedabad APMC,2733
2026-03-25,Wheat,Vadodara APMC,2572
2026-03-25,Wheat,Surat APMC,2785
2026-03-25,Wheat,Rajkot APMC,2681
2026-03-25,Wheat,Anand APMC,2632
2026-03-25,Groundnut,Ahmedabad APMC,6596
2026-03-25,Groundnut,Vadodara APMC,6450
2026-03-25,Groundnut,Surat APMC,6584
2026-03-25,Groundnut,Rajkot APMC,6480
2026-03-25,Groundnut,Anand APMC,6443
2026-03-25,Tomato,Ahmedabad APMC,2078
2026-03-25,Tomato,Vadodara APMC,1966
2026-03-25,Tomato,Surat APMC,2157
2026-03-25,Tomato,Rajkot APMC,2021
2026-03-25,Tomato,Anand APMC,2011
2026-03-26,Cotton,Ahmedabad APMC,7400
2026-03-26,Cotton,Vadodara APMC,7274
2026-03-26,Cotton,Surat APMC,7496
2026-03-26,Cotton,Rajkot APMC,7424
2026-03-26,Cotton,Anand APMC,7344
2026-03-26,Wheat,Ahmedabad APMC,2747
2026-03-26,Wheat,Vadodara APMC,2604
2026-03-26,Wheat,Surat APMC,2794
2026-03-26,Wheat,Rajkot APMC,2692
2026-03-26,Wheat,Anand APMC,2633
2026-03-26,Groundnut,Ahmedabad APMC,6559
2026-03-26,Groundnut,Vadodara APMC,6447
2026-03-26,Groundnut,Surat APMC,6596
2026-03-26,Groundnut,Rajkot APMC,6526
2026-03-26,Groundnut,Anand APMC,6487
2026-03-26,Tomato,Ahmedabad APMC,2081
2026-03-26,Tomato,Vadodara APMC,1942
2026-03-26,Tomato,Surat APMC,2167
2026-03-26,Tomato,Rajkot APMC,2067
2026-03-26,Tomato,Anand APMC,2011
2026-03-27,Cotton,Ahmedabad APMC,7462
2026-03-27,Cotton,Vadodara APMC,7317
2026-03-27,Cotton,Surat APMC,7535
2026-03-27,Cotton,Rajkot APMC,7389
2026-03-27,Cotton,Anand APMC,7305
2026-03-27,Wheat,Ahmedabad APMC,2734
2026-03-27,Wheat,Vadodara APMC,2595
2026-03-27,Wheat,Surat APMC,2808
2026-03-27,Wheat,Rajkot APMC,2673
2026-03-27,Wheat,Anand APMC,2620
2026-03-27,Groundnut,Ahmedabad APMC,6566
2026-03-27,Groundnut,Vadodara APMC,6428
2026-03-27,Groundnut,Surat APMC,6617
2026-03-27,Groundnut,Rajkot APMC,6507
2026-03-27,Groundnut,Anand APMC,6472
2026-03-27,Tomato,Ahmedabad APMC,2098
2026-03-27,Tomato,Vadodara APMC,1950
2026-03-27,Tomato,Surat APMC,2137
2026-03-27,Tomato,Rajkot APMC,2030
2026-03-27,Tomato,Anand APMC,2011
2026-03-28,Cotton,Ahmedabad APMC,7505
2026-03-28,Cotton,Vadodara APMC,7315
2026-03-28,Cotton,Surat APMC,7482
2026-03-28,Cotton,Rajkot APMC,7376
2026-03-28,Cotton,Anand APMC,7358
2026-03-28,Wheat,Ahmedabad APMC,2758
2026-03-28,Wheat,Vadodara APMC,2588
2026-03-28,Wheat,Surat APMC,2806
2026-03-28,Wheat,Rajkot APMC,2709
2026-03-28,Wheat,Anand APMC,2646
2026-03-28,Groundnut,Ahmedabad APMC,6557
2026-03-28,Groundnut,Vadodara APMC,6448
2026-03-28,Groundnut,Surat APMC,6603
2026-03-28,Groundnut,Rajkot APMC,6553
2026-03-28,Groundnut,Anand APMC,6450
2026-03-28,Tomato,Ahmedabad APMC,2115
2026-03-28,Tomato,Vadodara APMC,1994
2026-03-28,Tomato,Surat APMC,2140
2026-03-28,Tomato,Rajkot APMC,2091
2026-03-28,Tomato,Anand APMC,2006
2026-03-29,Cotton,Ahmedabad APMC,7493
2026-03-29,Cotton,Vadodara APMC,7324
2026-03-29,Cotton,Surat APMC,7543
2026-03-29,Cotton,Rajkot APMC,7421
2026-03-29,Cotton,Anand APMC,7410
2026-03-29,Wheat,Ahmedabad APMC,2768
2026-03-29,Wheat,Vadodara APMC,2604
2026-03-29,Wheat,Surat APMC,2796
2026-03-29,Wheat,Rajkot APMC,2685
2026-03-29,Wheat,Anand APMC,2653
2026-03-29,Groundnut,Ahmedabad APMC,6558
2026-03-29,Groundnut,Vadodara APMC,6447
2026-03-29,Groundnut,Surat APMC,6627
2026-03-29,Groundnut,Rajkot APMC,6585
2026-03-29,Groundnut,Anand APMC,6514
2026-03-29,Tomato,Ahmedabad APMC,2145
2026-03-29,Tomato,Vadodara APMC,1986
2026-03-29,Tomato,Surat APMC,2200
2026-03-29,Tomato,Rajkot APMC,2065
2026-03-29,Tomato,Anand APMC,1997
2026-03-30,Cotton,Ahmedabad APMC,7485
2026-03-30,Cotton,Vadodara APMC,7293
2026-03-30,Cotton,Surat APMC,7511
2026-03-30,Cotton,Rajkot APMC,7435
2026-03-30,Cotton,Anand APMC,7405
2026-03-30,Wheat,Ahmedabad APMC,2757
2026-03-30,Wheat,Vadodara APMC,2615
2026-03-30,Wheat,Surat APMC,2787
2026-03-30,Wheat,Rajkot APMC,2707
2026-03-30,Wheat,Anand APMC,2651
2026-03-30,Groundnut,Ahmedabad APMC,6607
2026-03-30,Groundnut,Vadodara APMC,6442
2026-03-30,Groundnut,Surat APMC,6656
2026-03-30,Groundnut,Rajkot APMC,6535
2026-03-30,Groundnut,Anand APMC,6473
2026-03-30,Tomato,Ahmedabad APMC,2130
2026-03-30,Tomato,Vadodara APMC,1988
2026-03-30,Tomato,Surat APMC,2155
2026-03-30,Tomato,Rajkot APMC,2081
2026-03-30,Tomato,Anand APMC,2030
2026-03-31,Cotton,Ahmedabad APMC,7464
2026-03-31,Cotton,Vadodara APMC,7389
2026-03-31,Cotton,Surat APMC,7534
2026-03-31,Cotton,Rajkot APMC,7434
2026-03-31,Cotton,Anand APMC,7433
2026-03-31,Wheat,Ahmedabad APMC,2745
2026-03-31,Wheat,Vadodara APMC,2601
2026-03-31,Wheat,Surat APMC,2792
2026-03-31,Wheat,Rajkot APMC,2695
2026-03-31,Wheat,Anand APMC,2652
2026-03-31,Groundnut,Ahmedabad APMC,6597
2026-03-31,Groundnut,Vadodara APMC,6444
2026-03-31,Groundnut,Surat APMC,6699
2026-03-31,Groundnut,Rajkot APMC,6541
2026-03-31,Groundnut,Anand APMC,6481
2026-03-31,Tomato,Ahmedabad APMC,2115
2026-03-31,Tomato,Vadodara APMC,2014
2026-03-31,Tomato,Surat APMC,2203
2026-03-31,Tomato,Rajkot APMC,2094
2026-03-31,Tomato,Anand APMC,2035
